Date,Day,Time IST,Format,Pillar,Subject,CTA,DM keyword,Hook,Caption,Reel script / Slides
2026-08-24,Mon,08:00,reel,60-Second Lesson,Coding,soft,,"Same tool. One child gets weaker, one gets stronger.","Same tool. One child gets weaker, one gets stronger.

The difference is the request. 'Answer this' hands over the thinking. 'Give three approaches, then compare them' keeps it, and keeps the child practising the part no tool supplies.

Banning it usually just moves it somewhere unsupervised.

Bookmark it — you'll want it in December.

Mentorsy — tutoring that matches your child's actual syllabus.

#OnlineTutoring #Mentorsy #IGCSE #ICSE #Scratch #CodingForKids #Python #SchoolLife #StudySmart","HOOK (0-4s): Same tool. One child gets weaker, one gets stronger.
BEAT (4-11s): The difference is the shape of the request.
BEAT (11-17s): 'Answer this' hands over the thinking.
BEAT (17-25s): 'Give three approaches, then compare them' keeps it.
BEAT (25-34s): One learns the tool is smarter. One learns judgement is the product.
BEAT (34-39s): Ask for options, not answers.
CTA (39-44s): Follow for the rest."
2026-08-24,Mon,19:30,carousel,Report Card Reality,Public Speaking,mid,SPEAK,What to say the night before a presentation.,"What to say the night before a presentation.

'You'll be fine' closes the conversation. It sounds like reassurance and lands like a door shutting, because the child still has the fear and now has nowhere to put it.

Name it instead. 'Most people go blank somewhere in the middle. What do you do if that happens?' turns a vague dread into one thing with a plan attached.

Then ask for the first line out loud, once. The opening is where the nerves live, and hearing it in a kitchen makes the classroom quieter.

Comment SPEAK and I'll send you the at-home public speaking drill sheet.

Mentorsy — CBSE, ICSE, IGCSE, IB and American curricula.

#Mentorsy #1on1Learning #IBMYP #IGCSE #PublicSpeaking #ConfidentKids #DebateSkills #StudySmart #IndianParents","What to say the night before a presentation.
Ask them to say the first line out loud
Do not offer to rewrite it at 9pm
Name the fear instead of denying it
Agree what happens if they lose their place
Save this for the night before."
2026-08-25,Tue,19:30,reel,Curriculum Decoded,General,soft,,Grade 9 is not a light year. It is the year the next three are decided.,"Grade 9 is not a light year. It is the year the next three are decided.

Nothing about Grade 9 is examined externally, which is exactly why it gets treated as a buffer.

But Grade 10 assumes Grade 9 completely, and Grade 11 assumes Grade 10 completely. A gap opened here is compounding by the time anyone measures it.

The cheapest year to fix a child's maths is the year nobody is worried about it.

Save this for exam week.

Mentorsy — CBSE, ICSE, IGCSE, IB and American curricula.

#Mentorsy #1on1Learning #IBMYP #ICSE #StudyTips #HomeworkHelp #ParentingTips #IndianParents #ParentsOfTeens","HOOK (0-5s): 'Grade 9 isn't a light year. It's the year the next three get decided.'
BODY (5-20s): 'Nothing in Grade 9 is externally examined. Which is exactly why everyone treats it as a buffer year.'
STAKES (20-38s): 'But Grade 10 assumes Grade 9 completely. Grade 11 assumes Grade 10. A gap opened here is compounding before anyone measures it.'
CLOSE (38-50s): 'The cheapest year to fix a child's maths is the year nobody is worried about it.'"
2026-08-26,Wed,08:00,carousel,Proof & Progress,Coding,mid,CODE,What week one of a real coding course looks like.,"What week one of a real coding course looks like.

Something should run on the first day. Not a slide about what programming is, not an hour of theory about variables. Working code, on screen, that the student can point at.

And something should break on the first day, deliberately, while there is a teacher in the room. A child who has only ever seen code work has never practised the actual job.

Then the error message gets read out loud rather than scrolled past. Most beginners never learn that the computer already told them what was wrong.

By the end of week one, they should have changed the thing into something that was not in the plan.

CODE in the comments gets you the parent's primer on coding. No email needed.

Mentorsy — one child, one mentor, one plan.

#1on1Learning #OnlineTutoring #ICSE #BoardExams2027 #Scratch #CodingForKids #Python #ParentsOfTeens #StudySmart","What week one of a real coding course looks like.
Something runs on day one
Something breaks on day one too
The error message gets read, not skipped
The student changes it into their own thing
Ask what week one looks like before you enrol."
2026-08-26,Wed,19:30,reel,The Ask,General,hard,TRIAL,Two questions and a WhatsApp number. That's the whole sign-up.,"Two questions and a WhatsApp number. That's the whole sign-up.

Which grade and board, and where they're stuck. 'Somewhere in maths' is a complete answer — narrowing it down is our job, not yours.

We reply the same day with a mentor and two possible times. The class is 55 minutes, live, one-to-one, and free.

That's it. There is no form with fourteen fields, because nobody has ever been helped by one.

Free 55-minute trial class, 1:1, no card needed. Link in bio.

Mentorsy — CBSE, ICSE, IGCSE, IB and American curricula.

#Mentorsy #1on1Learning #IBMYP #IBDP #ParentingTips #StudyTips #HomeworkHelp #StudySmart #ParentsOfTeens","HOOK (0-5s): 'Two questions and a WhatsApp number. That's the whole sign-up.'
ONE (5-14s): 'Which grade and which board.'
TWO (14-26s): 'Where they're stuck. Somewhere in maths is a complete answer — narrowing it is our job.'
THEN (26-40s): 'Same day, we send a mentor and two times. 55 minutes, live, one to one, free.'
CLOSE (40-50s): 'No form with fourteen fields. Nobody has ever been helped by one.'
CTA (50-54s): 'Comment TRIAL or use the link in bio.'"
2026-08-27,Thu,19:30,reel,Meet the Mentor,General,mid,SPEAK,A good mentor talks less than you think.,"A good mentor talks less than you think.

Count it in any session. If the adult is speaking for more than half the hour, the child is watching a lecture, not learning.

The ratio that works is closer to 30-70: the mentor sets up the problem, then shuts up while the child struggles productively.

Silence in a tutoring session is not wasted money. It's usually the only part that was.

Comment SPEAK and I'll send you the at-home public speaking drill sheet.

Mentorsy — one child, one mentor, one plan.

#Mentorsy #1on1Learning #IBMYP #BoardExams2027 #StudyTips #HomeworkHelp #ParentingTips #ParentsOfTeens #IndianParents","HOOK (0-4s): 'A good mentor talks less than you think.'
TEST (4-16s): 'Count it. If the adult is speaking more than half the hour, your child is watching a lecture.'
RATIO (16-30s): 'The ratio that works is closer to 30-70. Set up the problem, then shut up while the child struggles.'
REFRAME (30-42s): 'Silence in a session isn't wasted money. It's usually the only part that wasn't.'
CTA (42-46s): 'Listen in on the next one. Count.'"
2026-08-28,Fri,08:00,carousel,60-Second Lesson,Coding,soft,CODE,"Debugging, taught as a method instead of a mood.","Debugging, taught as a method instead of a mood.

Most children debug by staring harder and changing things at random. It's a procedure, and it can be taught in an afternoon.

Send this to a parent who needs it tonight.

Mentorsy — live 1:1 mentors for Grades 1–12.

#1on1Learning #Mentorsy #ICSE #IBMYP #Scratch #Python #CodingForKids #ParentsOfTeens #IndianParents","Debugging is a method, not a mood.
Most kids debug by staring harder and changing things at random.
1. READ the error. Out loud. It usually names the line and the problem.
2. PRINT the value just before it breaks. Assume nothing.
3. HALVE it. Comment out half the code. Which half still fails?
4. Repeat step 3 until the broken line is obvious.
5. Only THEN change something. One thing. Then re-run.
This is the same procedure a professional uses. It scales to any language.
Comment CODE for the parent primer."
2026-08-28,Fri,19:30,reel,Report Card Reality,Mathematics,mid,MATHS,Three months of revision. No movement.,"Three months of revision. No movement.

Three months of revision, no movement.

Working hard on the wrong topic is still working hard. It is just the most expensive kind, because the child pays in confidence and gets nothing back.

Find the gap first. Then the hours count.

Want the Grade 9 Maths gap checklist? Comment MATHS and it's yours.

Mentorsy — live 1:1 mentors for Grades 1–12.

#1on1Learning #OnlineTutoring #IBMYP #IBDP #Geometry #MathsTutor #Algebra #SchoolLife #StudySmart","HOOK (0-4s): Three months of revision. No movement.
BEAT (4-13s): Working hard on the wrong topic is still working hard.
BEAT (13-18s): It is just the most expensive kind.
BEAT (18-26s): The child pays in confidence and sees nothing back.
BEAT (26-31s): And concludes they are the problem.
BEAT (31-36s): They are not. The sequence is.
CTA (36-41s): Follow for the rest."
2026-08-29,Sat,11:00,carousel,Curriculum Decoded,General,soft,EXAM,Mock exams are being used wrong in most houses.,"Mock exams are being used wrong in most houses.

A mock is not a prediction. It is the highest-quality diagnostic your child will get for free, and most of its value is thrown away within a week of the result.

Save this for exam week.

Mentorsy — CBSE, ICSE, IGCSE, IB and American curricula.

#Mentorsy #OnlineTutoring #IGCSE #IBMYP #StudyTips #HomeworkHelp #ParentingTips #IndianParents #StudySmart","Mock exams are being used wrong in most houses.
A mock is not a prediction. It's a free, high-quality diagnostic.
THE MISTAKE: look at the mark, feel something, move on.
THE USE: go through the paper question by question and sort every lost mark.
BUCKET 1 — Didn't know it. That's revision.
BUCKET 2 — Knew it, ran out of time. That's pacing, and it's fixable fastest.
BUCKET 3 — Knew it, misread the question. That's command words.
BUCKET 4 — Knew it, arithmetic slipped. That's automaticity, not carelessness.
Four buckets need four different responses. The mark alone tells you none of it.
Comment EXAM for the sorting sheet."
2026-08-30,Sun,19:30,single,60-Second Lesson,English,soft,,Read the question twice. Genuinely twice. Here's what changes.,"Read the question twice. Genuinely twice. Here's what changes.

On the first read a student is looking for what the question is about. On the second they see what it actually asks them to do — and those are different things far more often than anyone expects.

'Discuss how the writer presents grief' is not 'write about grief'. One is about technique, the other is about theme, and only one of them scores.

Twenty seconds. Usually worth more than the last hour of revision.

Save this for exam week.

Mentorsy — one child, one mentor, one plan.

#Mentorsy #1on1Learning #IBDP #IGCSE #ReadingSkills #EnglishTutor #Grammar #SchoolLife #IndianParents",
2026-08-31,Mon,08:00,reel,Proof & Progress,Science,mid,EXAM,Memorising the method gets almost none of the marks.,"Memorising the method gets almost none of the marks.

Practical questions ask why the control was there, what an anomalous reading means, and how the method could be improved. Those marks separate a middling script from a strong one.

A results table cannot teach any of them.

Type EXAM below — the 3-week board exam revision plan goes straight to your DMs.

Mentorsy — CBSE, ICSE, IGCSE, IB and American curricula.

#Mentorsy #OnlineTutoring #BoardExams2027 #IBDP #Biology #Physics #Chemistry #IndianParents #SchoolLife","HOOK (0-4s): Memorising the method gets almost none of the marks.
BEAT (4-12s): Practical questions rarely stop at what happened.
BEAT (12-17s): Why was the control there?
BEAT (17-23s): What does the anomalous reading mean?
BEAT (23-28s): How would you improve the method?
BEAT (28-36s): None of that can be revised from a results table.
CTA (36-41s): Follow for the rest."
2026-08-31,Mon,19:30,carousel,Report Card Reality,General,mid,EXAM,Four questions before you pay a tutor anything.,"Four questions before you pay a tutor anything.

The first one does most of the work. If the answer is 'start the syllabus', walk away - it assumes the problem is coverage, and it almost never is.

A good tutor names a measure before they begin. 'More confident' is not a measure. 'She will close negative numbers in three weeks' is.

And listen carefully to the third answer. Explaining again, louder, is not teaching. Going backwards to find the missing step is.

Comment EXAM and I'll send you the 3-week board exam revision plan.

Mentorsy — tutoring that matches your child's actual syllabus.

#Mentorsy #OnlineTutoring #CBSE #ICSE #ParentingTips #HomeworkHelp #StudyTips #IndianParents #SchoolLife","Four questions before you pay a tutor anything.
What will you do in the first session?
How will I know it is working?
What happens when she gets stuck?
Who else have you taught at this level?
Ask these before the first invoice."
2026-09-01,Tue,19:30,reel,60-Second Lesson,Public Speaking,soft,SPEAK,The pause is the technique. Everything else is decoration.,"The pause is the technique. Everything else is decoration.

Children speak fast when they're nervous because speed shortens the exposure. It also destroys everything they meant to say.

One drill: after every full stop, count one in your head before the next sentence. Silently. That's it.

It feels enormous to the speaker and completely normal to the room. Every good speaker your child has ever heard is doing this, and none of them mention it.

Save this for exam week.

Mentorsy — tutoring that matches your child's actual syllabus.

#1on1Learning #Mentorsy #BoardExams2027 #CBSE #DebateSkills #ConfidentKids #PublicSpeaking #SchoolLife #IndianParents","HOOK (0-4s): 'The pause is the technique.' Pause a full beat. 'Everything else is decoration.'
WHY (4-16s): 'Kids speak fast when they're nervous because speed shortens the exposure. It also destroys the content.'
DRILL (16-30s): 'One drill. After every full stop — count one. Silently. Then the next sentence.'
REASSURE (30-40s): 'It feels enormous to them. It sounds completely normal to the room.'
CTA (40-46s): 'Comment SPEAK for the full drill sheet.'"
2026-09-02,Wed,08:00,carousel,Meet the Mentor,General,mid,EXAM,"How we match a mentor to a child, and why it isn't by marks.","How we match a mentor to a child, and why it isn't by marks.

The wrong match is not usually a knowledge gap. It's a pace and temperament mismatch, and it shows up in week one if anyone is paying attention.

EXAM in the comments gets you the 3-week board exam revision plan. No email needed.

Mentorsy — tutoring that matches your child's actual syllabus.

#OnlineTutoring #1on1Learning #CBSE #IGCSE #HomeworkHelp #StudyTips #ParentingTips #SchoolLife #ParentsOfTeens","How we match a mentor to a child.
Not by marks. By four things.
PACE — Does this child need time to think, or momentum to stay interested?
ENTRY POINT — Where is the last thing they can do confidently?
TEMPERAMENT — Some children need warmth first. Some find it patronising.
GOAL — A board exam in March and 'enjoying maths again' need different people.
We get it wrong sometimes. Tell us in week one and we change the mentor.
We change the mentor, not the child."
2026-09-02,Wed,19:30,reel,The Ask,General,hard,,How much should tutoring cost? Here's how to judge it.,"How much should tutoring cost? Here's how to judge it.

We don't publish a single price because a weekly Grade 4 English session and a DP Maths HL push before mocks are not the same product.

But here's the test that works on anyone, us included: ask what happens in week one, ask what you receive after each session, and ask what they do if it isn't working.

A provider who can answer those three specifically is worth more than one who is cheaper and vague.

Free 55-minute trial class, 1:1, no card needed. Link in bio.

Mentorsy — CBSE, ICSE, IGCSE, IB and American curricula.

#Mentorsy #OnlineTutoring #ICSE #IGCSE #StudyTips #HomeworkHelp #ParentingTips #StudySmart #ParentsOfTeens","HOOK (0-5s): 'How much should tutoring cost? Here's how to judge it — for anyone, not just us.'
CONTEXT (5-16s): 'We don't publish one price, because Grade 4 English weekly and a DP Maths HL push before mocks aren't the same product.'
TEST (16-36s): On screen, one at a time: 'What happens in week ONE?' / 'What do I RECEIVE after each session?' / 'What do you do if it ISN'T working?'
CLOSE (36-48s): 'Anyone who answers those three specifically is worth more than someone cheaper and vague.'
CTA (48-52s): 'Ask us. Link in bio.'"
2026-09-03,Thu,19:30,reel,Curriculum Decoded,Coding,soft,,AI can draft the essay. It cannot defend it.,"AI can draft the essay. It cannot defend it.

The useful question at home is not whether a tool was used. It is whether your child could still hold the argument with the laptop shut.

That is trainable. A finished document does not train it.

Screenshot the last slide.

Mentorsy — tutoring that matches your child's actual syllabus.

#OnlineTutoring #Mentorsy #ICSE #BoardExams2027 #CodingForKids #Python #Scratch #SchoolLife #ParentsOfTeens","HOOK (0-4s): AI can draft the essay. It cannot defend it.
BEAT (4-11s): Unsupervised work is becoming weaker evidence.
BEAT (11-20s): Work produced in a room with a teacher is becoming stronger.
BEAT (20-29s): The spoken answer. The timed paper. The follow-up question.
BEAT (29-36s): So the question is not whether AI was used.
BEAT (36-45s): It is whether your child could hold the argument with the laptop shut.
CTA (45-50s): Follow for the rest."
2026-09-04,Fri,08:00,carousel,60-Second Lesson,Science,soft,,The five words that fix almost every science definition.,"The five words that fix almost every science definition.

Definitions lose marks not because the child doesn't know the idea, but because the sentence has no structure. These five words impose one.

Save this for exam week.

Mentorsy — live 1:1 mentors for Grades 1–12.

#Mentorsy #1on1Learning #CBSE #IBDP #Physics #ScienceTutor #Biology #IndianParents #SchoolLife","Five words that fix almost every science definition.
The idea is usually known. The sentence has no shape.
IS — start by naming the category. 'Osmosis IS the movement of...'
OF — say what it acts on. '...of water molecules...'
FROM / TO — give the direction. '...from high to low concentration...'
THROUGH — name the condition. '...through a partially permeable membrane.'
One sentence. Four marks. No memorised wording needed.
Try it on any definition in tonight's chapter."
2026-09-04,Fri,19:30,reel,Proof & Progress,Public Speaking,mid,SPEAK,'Make eye contact' is not an instruction.,"'Make eye contact' is not an instruction.

Without a method children sweep the room, land on nobody and look more nervous than when they started.

One face, one sentence. Finish the sentence, then move. Three or four faces in rotation. It paces the talk and it reads as calm.

Want the at-home public speaking drill sheet? Comment SPEAK and it's yours.

Mentorsy — tutoring that matches your child's actual syllabus.

#1on1Learning #OnlineTutoring #CBSE #IGCSE #DebateSkills #PublicSpeaking #ConfidentKids #StudySmart #SchoolLife","HOOK (0-4s): 'Make eye contact' is not an instruction.
BEAT (4-10s): It is like telling someone to be taller.
BEAT (10-17s): So they sweep the room and land on nobody.
BEAT (17-22s): The method: one face, one sentence.
BEAT (22-31s): Finish the sentence, then move. Three or four faces, in rotation.
BEAT (31-39s): It gives the eyes a job, so they stop searching.
CTA (39-44s): Follow for the rest."
2026-09-05,Sat,11:00,carousel,Report Card Reality,General,soft,,Six things that look like laziness and are not.,"Six things that look like laziness and are not.

Almost every child called lazy is avoiding something specific. Naming it correctly changes what you do next.

Bookmark it — you'll want it in December.

Mentorsy — one child, one mentor, one plan.

#OnlineTutoring #1on1Learning #CBSE #BoardExams2027 #ParentingTips #HomeworkHelp #StudyTips #StudySmart #IndianParents","Six things that look like laziness.
None of them are.
'Won't start' — often doesn't know what the first step IS. Avoidance of ambiguity, not effort.
'Rushes everything' — finishing fast ends the discomfort faster.
'Says it's boring' — the most socially safe way a 13-year-old can say 'I can't do this'.
'Forgets the homework' — sometimes genuinely organisational. Sometimes convenient.
'Only does the easy questions' — protecting a self-image. Very common in bright children.
'Fine at home, silent in class' — the room is the variable, not the child.
Each one has a different fix. 'Try harder' fixes none of them."
2026-09-06,Sun,19:30,single,Meet the Mentor,General,soft,,"Before a mentor teaches your child, they teach us. Badly, on purpose.","Before a mentor teaches your child, they teach us. Badly, on purpose.

Every Mentorsy mentor does a live demo before they're approved. We don't ask them to teach the topic well — we ask them to teach it to someone who is stuck.

Because explaining a concept and rescuing a confused child are two completely different skills, and only one of them is what you're paying for.

Subject knowledge is the entry ticket. Diagnosis is the job.

Save this for exam week.

Mentorsy — tutoring that matches your child's actual syllabus.

#1on1Learning #Mentorsy #ICSE #IGCSE #StudyTips #ParentingTips #HomeworkHelp #IndianParents #ParentsOfTeens",
2026-09-07,Mon,08:00,reel,60-Second Lesson,English,soft,,'Its' and 'it's' — the rule that finally makes it stick.,"'Its' and 'it's' — the rule that finally makes it stick.

Forget everything about possession. Use one test.

Say the sentence with 'it is'. If it survives, you need the apostrophe. If it collapses, you don't.

'Its raining' → 'it is raining' → survives → it's raining.
'The dog wagged it's tail' → 'the dog wagged it is tail' → collapses → its tail.

One test. No grammar vocabulary. Works forever.

Screenshot the last slide.

Mentorsy — one child, one mentor, one plan.

#OnlineTutoring #Mentorsy #ICSE #IBMYP #ReadingSkills #Grammar #EnglishTutor #StudySmart #ParentsOfTeens","HOOK (0-3s): 'Its versus it apostrophe s. One test. Forever.'
RULE (3-12s): 'Say the sentence with IT IS. If it survives, apostrophe. If it collapses, no apostrophe.'
DEMO 1 (12-22s): On screen: Its raining → it is raining → survives → IT'S.
DEMO 2 (22-34s): The dog wagged it's tail → the dog wagged IT IS tail → collapses → ITS.
CTA (34-40s): 'Save it. You'll use it in an email this week.'"
2026-09-07,Mon,19:30,carousel,Curriculum Decoded,Mathematics,soft,,Grade 10 to Grade 11 maths is a bigger jump than Grade 9 to 10. Here's the actual reason.,"Grade 10 to Grade 11 maths is a bigger jump than Grade 9 to 10. Here's the actual reason.

Every year the same shock: a child comfortable at 85% in Grade 10 struggles badly in Grade 11. It isn't difficulty. It's a change of species.

Bookmark it — you'll want it in December.

Mentorsy — one child, one mentor, one plan.

#OnlineTutoring #Mentorsy #BoardExams2027 #CBSE #MathHelp #Algebra #MathsTutor #IndianParents #SchoolLife","Grade 10 → 11 maths is a bigger jump than 9 → 10.
A child at 85% in Grade 10 can genuinely struggle in Grade 11.
It isn't difficulty. The subject changes species.
GRADE 10 rewards PROCEDURE — recognise the type, apply the method.
GRADE 11 rewards STRUCTURE — choose the method, justify it, combine two.
Calculus arrives assuming algebra is automatic, not merely known.
Procedural students hit a wall the term calculus starts.
The prep isn't harder questions. It's unfamiliar ones, in Grade 10."
2026-09-08,Tue,19:30,reel,Report Card Reality,French,mid,FRENCH,Do not correct the accent at the dinner table.,"Do not correct the accent at the dinner table.

A child speaking French at home is producing language with no script, in front of the audience that matters most. Interrupting to fix a vowel makes speaking riskier than silence.

Correction belongs in the lesson. Accuracy has a whole term to arrive.

Want the A1-A2 French vocabulary pack? Comment FRENCH and it's yours.

Mentorsy — one child, one mentor, one plan.

#OnlineTutoring #Mentorsy #IBMYP #IGCSE #LearnFrench #FrenchForKids #DELF #IndianParents #ParentsOfTeens","HOOK (0-4s): Do not correct the accent at the dinner table.
BEAT (4-13s): A child speaking French at home is doing the hardest thing there is.
BEAT (13-22s): No script, in front of people whose opinion actually matters.
BEAT (22-31s): Fix a vowel and speaking now carries a risk silence does not.
BEAT (31-36s): So the sentence stops coming.
BEAT (36-45s): Correction belongs in the lesson. At home, keep it coming.
CTA (45-50s): Follow for the rest."
2026-09-09,Wed,08:00,carousel,Proof & Progress,English,mid,EXAM,"How an essay actually improves, in the order it happens.","How an essay actually improves, in the order it happens.

English feels unfixable to parents because progress isn't visible line by line. It arrives in a fixed sequence, and knowing the sequence tells you where your child currently is.

Want the 3-week board exam revision plan? Comment EXAM and it's yours.

Mentorsy — tutoring that matches your child's actual syllabus.

#OnlineTutoring #1on1Learning #BoardExams2027 #ICSE #EnglishTutor #ReadingSkills #Grammar #IndianParents #SchoolLife","How an essay actually improves. In order.
English feels unfixable because progress isn't visible line by line.
STAGE 1 — Has a point. Most essays don't. This alone moves a grade.
STAGE 2 — Every paragraph serves that point. Nothing decorative survives.
STAGE 3 — Evidence, not assertion. Quote, then explain why it proves the point.
STAGE 4 — Handles a counter-argument without collapsing.
STAGE 5 — Sentence rhythm and vocabulary. This is LAST, not first.
Most students are pushed straight to stage 5. That's why 'use better words' never works.
Find which stage your child is on. Work on that one only."
2026-09-09,Wed,19:30,reel,60-Second Lesson,Science,soft,,"Why ice floats, and why that one oddity is the reason you exist.","Why ice floats, and why that one oddity is the reason you exist.

Nearly every substance is denser as a solid. Water is not: the molecules lock into a lattice with gaps, so ice takes up more room than the water it froze from.

Which means lakes freeze from the top down, not the bottom up. A sheet of ice forms and insulates everything underneath it, so the water below stays liquid all winter.

If ice sank, ponds would freeze solid to the floor and take every living thing with them.

Bookmark it — you'll want it in December.

Mentorsy — tutoring that matches your child's actual syllabus.

#OnlineTutoring #1on1Learning #IBMYP #IBDP #Biology #Chemistry #Physics #StudySmart #IndianParents","HOOK (0-5s): 'Ice floats. That one oddity is the reason there's anything alive in a frozen lake.'
SCIENCE (5-20s): 'Almost every substance is denser as a solid. Water isn't — the molecules lock into a lattice WITH GAPS, so ice takes more room.'
CONSEQUENCE (20-36s): 'So lakes freeze from the TOP down. A sheet forms and insulates everything under it. The water below stays liquid all winter.'
STAKES (36-48s): 'If ice sank, ponds would freeze solid to the floor — and take every living thing with them.'
CTA (48-52s): 'Send this to a curious 12-year-old.'"
2026-09-10,Thu,19:30,reel,Curriculum Decoded,Mathematics,soft,,The Year 11 problem started in Year 7.,"The Year 11 problem started in Year 7.

Fractions get marked as done and then quietly underpin ratio, probability, rates and every algebraic fraction that follows. Marks lost across several unrelated topics are often one gap, four years upstream.

Ask for three-quarters divided by two-fifths tonight, with the reasoning out loud.

Send this to a parent who needs it tonight.

Mentorsy — one child, one mentor, one plan.

#Mentorsy #OnlineTutoring #IBMYP #BoardExams2027 #MathsTutor #Algebra #MathHelp #SchoolLife #ParentsOfTeens","HOOK (0-4s): The Year 11 problem started in Year 7.
BEAT (4-11s): Fractions arrive early and get marked as done.
BEAT (11-20s): Then they hold up ratio, probability, rates and rearranging.
BEAT (20-29s): The topic never leaves. It stops being called fractions.
BEAT (29-38s): Marks lost across unrelated topics are often one gap, upstream.
BEAT (38-43s): Nobody reteaches it after Year 8.
CTA (43-48s): Follow for the rest."
2026-09-11,Fri,08:00,carousel,The Ask,General,hard,,"A term with a mentor, week by week, so you know what you're buying.","A term with a mentor, week by week, so you know what you're buying.

Twelve weeks is the usual unit. Here is the shape of it, so nothing is a surprise.

Book the free trial — link in bio. We'll send a plan the same day.

Mentorsy — CBSE, ICSE, IGCSE, IB and American curricula.

#OnlineTutoring #1on1Learning #CBSE #IBDP #HomeworkHelp #ParentingTips #StudyTips #StudySmart #IndianParents","A term with a mentor. Twelve weeks.
So you know what you're buying.
WEEK 1 — Diagnosis. We find the floor, not the syllabus point.
WEEKS 2-4 — The gap. Often below their current grade. This is the uncomfortable part.
WEEKS 5-8 — Current topics, at proper speed now, ending every session book-shut.
WEEKS 9-11 — Past papers, timed, marked live so reasoning gets corrected.
WEEK 12 — A written review: what moved, what didn't, whether to continue.
Marks usually move around week six. Confidence moves earlier.
Start with one free class. Link in bio."
2026-09-11,Fri,19:30,reel,60-Second Lesson,Science,soft,,"Weight is not mass, and this is the sentence that finally separates them.","Weight is not mass, and this is the sentence that finally separates them.

Mass is how much of you there is. Weight is how hard the planet is pulling on it.

On the Moon your child's mass is identical and their weight is one-sixth. Nothing about them changed. The planet did.

This is why the unit for mass is kg and the unit for weight is newtons — and why a numerical that mixes them up is the single most common lost mark in Grade 9 physics.

Send this to a parent who needs it tonight.

Mentorsy — one child, one mentor, one plan.

#Mentorsy #OnlineTutoring #ICSE #IGCSE #Biology #Physics #ScienceTutor #ParentsOfTeens #SchoolLife","HOOK (0-4s): 'Weight and mass are not the same thing, and one sentence separates them forever.'
SENTENCE (4-14s): 'Mass is how much of you there is. Weight is how hard the planet is pulling on it.'
DEMO (14-28s): 'On the Moon your mass is identical. Your weight is one-sixth. Nothing about YOU changed. The planet did.'
EXAM (28-40s): 'Which is why mass is kilograms and weight is newtons — and mixing them is the most common lost mark in Grade 9 physics.'
CTA (40-46s): 'Save it before the next physics test.'"
2026-09-12,Sat,11:00,carousel,Report Card Reality,Coding,mid,CODE,Your child used AI for their homework. Now what?,"Your child used AI for their homework. Now what?

Your child used AI for their homework. The ban does not work.

It only moves the behaviour somewhere you cannot see, and removes your ability to teach anything about it.

What works is asking them to explain the work without the screen. The gap shows up in about ninety seconds, and it shows up to them, not just to you. That is a far better lesson than a rule.

Then agree what the tool is allowed to do next time. Explain a concept, yes. Write the paragraph, no. Children keep rules they helped write.

Type CODE below — the parent's primer on coding goes straight to your DMs.

Mentorsy — live 1:1 mentors for Grades 1–12.

#Mentorsy #1on1Learning #ICSE #IBDP #CodingForKids #Scratch #Python #SchoolLife #ParentsOfTeens","Your child used AI for their homework. Now what?
Ask them to explain it without the screen
Find the one sentence they cannot defend
Agree what it is allowed to do next time
Do not ban it. It will just go underground
Save this before the argument."
2026-09-13,Sun,19:30,single,Proof & Progress,General,mid,EXAM,The first session is not a class. It's a diagnosis.,"The first session is not a class. It's a diagnosis.

We don't start teaching in session one. We find out where the floor actually is.

That means working backwards through the chain — the chapter they're failing, the chapter under it, the skill under that — until we find the last thing they can do confidently.

That point is where teaching starts. Everyone else starts at the syllabus, which is why the same chapter gets re-taught three times and still doesn't land.

Type EXAM below — the 3-week board exam revision plan goes straight to your DMs.

Mentorsy — tutoring that matches your child's actual syllabus.

#1on1Learning #Mentorsy #IBDP #IGCSE #StudyTips #HomeworkHelp #ParentingTips #ParentsOfTeens #SchoolLife",
2026-09-14,Mon,08:00,reel,60-Second Lesson,Public Speaking,soft,,A speaking assessment is not testing charisma.,"A speaking assessment is not testing charisma.

It tests structure: a position, two reasons, back to the position. Then whether that position survives a follow-up question, which is where most students fold.

Children who look naturally good at this are simply practised.

Send this to a parent who needs it tonight.

Mentorsy — CBSE, ICSE, IGCSE, IB and American curricula.

#Mentorsy #OnlineTutoring #ICSE #IBMYP #ConfidentKids #PublicSpeaking #DebateSkills #IndianParents #StudySmart","HOOK (0-4s): A speaking assessment is not testing charisma.
BEAT (4-11s): Position, two reasons, back to the position.
BEAT (11-20s): That sounds prepared even when it is invented on the spot.
BEAT (20-27s): Then: does the position survive one follow-up?
BEAT (27-36s): That is where most students fold and agree with the examiner.
BEAT (36-44s): None of it is personality. All of it is a drill.
CTA (44-49s): Follow for the rest."
2026-09-14,Mon,19:30,carousel,Curriculum Decoded,English,soft,,How an English examiner actually reads your child's answer.,"How an English examiner actually reads your child's answer.

Not word by word. In about ninety seconds, looking for specific evidence against a band descriptor.

Bookmark it — you'll want it in December.

Mentorsy — CBSE, ICSE, IGCSE, IB and American curricula.

#OnlineTutoring #1on1Learning #BoardExams2027 #CBSE #EnglishTutor #ReadingSkills #Grammar #ParentsOfTeens #IndianParents","How an English examiner actually reads your child's answer.
Not word by word. In roughly 90 seconds.
They are hunting for evidence against a band descriptor.
FIRST — Is there a clear position in the opening lines? (Band decided, roughly, here.)
SECOND — Is each paragraph doing one job for that position?
THIRD — Is there textual evidence, or just assertion?
FOURTH — Does the vocabulary serve the point, or decorate it?
Which is why 'write more' is bad advice.
'Write with a position, and prove it' is the whole subject."
2026-09-15,Tue,19:30,reel,Report Card Reality,Mathematics,mid,MATHS,More practice will not fix a misunderstanding.,"More practice will not fix a misunderstanding.

Repetition makes a wrong method faster and harder to unlearn. A child getting the same kind of question wrong is not under-practised, she is confidently doing something that does not work.

Watch one question out loud. Find the step. Then practise.

Comment MATHS and I'll send you the Grade 9 Maths gap checklist.

Mentorsy — CBSE, ICSE, IGCSE, IB and American curricula.

#1on1Learning #Mentorsy #BoardExams2027 #ICSE #Algebra #MathsTutor #Geometry #ParentsOfTeens #IndianParents","HOOK (0-4s): More practice will not fix a misunderstanding.
BEAT (4-10s): Practice makes a correct method faster.
BEAT (10-16s): It makes an incorrect method faster too.
BEAT (16-25s): And much harder to remove, because it has been rehearsed.
BEAT (25-32s): Watch one question being done out loud instead.
BEAT (32-40s): The broken step is usually visible in ninety seconds.
CTA (40-45s): Follow for the rest."
2026-09-16,Wed,08:00,carousel,The Ask,General,hard,,Three honest reasons not to book with us.,"Three honest reasons not to book with us.

Because a decision you can make properly is worth more to us than a booking you regret.

One free class. One mentor. Link in bio.

Mentorsy — one child, one mentor, one plan.

#1on1Learning #Mentorsy #CBSE #BoardExams2027 #HomeworkHelp #StudyTips #ParentingTips #StudySmart #IndianParents","Three honest reasons NOT to book with us.
1. If your child needs 45 minutes of homework supervision, not teaching — a 1:1 mentor is overkill. Hire help, not a specialist.
2. If the issue is motivation, not ability, start with a conversation at home. We can help after that. Not instead of it.
3. If you want a guarantee of marks, we won't give you one. Nobody honest can.
What we will do: find the actual gap, in one free class, and tell you plainly how long it takes to close.
If that's useful — link in bio.
If it isn't, this post did its job."
2026-09-16,Wed,19:30,reel,60-Second Lesson,English,soft,,Three words that make any school essay sound older than it is.,"Three words that make any school essay sound older than it is.

However. Therefore. Nevertheless.

Not because they're fancy — because each one forces a relationship between two ideas. A child who writes 'therefore' has to prove a consequence. A child who writes 'however' has to hold a contrast.

The vocabulary is the smallest part. The thinking is the point. Examiners are marking the joint between the sentences, not the sentences.

Save this for exam week.

Mentorsy — one child, one mentor, one plan.

#Mentorsy #1on1Learning #CBSE #ICSE #EnglishTutor #Grammar #ReadingSkills #ParentsOfTeens #IndianParents","HOOK (0-4s): 'Three words that make a school essay sound two years older.'
REVEAL (4-12s): On screen, one by one: However. Therefore. Nevertheless.
WHY (12-28s): 'Not because they're fancy. Because each one forces a relationship. Write therefore and you have to prove a consequence. Write however and you have to hold a contrast.'
PAYOFF (28-38s): 'The examiner is marking the joint between your sentences. Not the sentences.'
CTA (38-44s): 'Save this before the next essay.'"
2026-09-17,Thu,19:30,reel,Meet the Mentor,General,mid,BOARDS,The question a mentor should never answer.,"The question a mentor should never answer.

'Is this right?'

If the mentor says yes, the child learns nothing except that the adult knows. If the mentor says 'how would you check?', the child leaves with a method they can use in an exam hall where nobody is available to ask.

That one substitution, made a hundred times over a term, is most of what you're paying for.

Want the CBSE vs ICSE vs IGCSE one-pager? Comment BOARDS and it's yours.

Mentorsy — live 1:1 mentors for Grades 1–12.

#OnlineTutoring #1on1Learning #ICSE #BoardExams2027 #StudyTips #HomeworkHelp #ParentingTips #ParentsOfTeens #StudySmart","HOOK (0-4s): 'There's one question a mentor should never answer.'
REVEAL (4-9s): Pause. 'Is this right?'
WHY (9-24s): 'Say yes, and the child learns only that you know. Say how would you check — and they leave with a method.'
STAKES (24-38s): 'A method they can use in an exam hall, where nobody is available to ask.'
CLOSE (38-48s): 'That one substitution, made a hundred times a term, is most of what you're paying for.'"
2026-09-18,Fri,08:00,carousel,Proof & Progress,General,mid,BOARDS,"What we do in week two, when the marks haven't moved yet.","What we do in week two, when the marks haven't moved yet.

Week two is where most tutoring arrangements quietly fail, because nothing visible has changed and everyone starts to doubt it.

Type BOARDS below — the CBSE vs ICSE vs IGCSE one-pager goes straight to your DMs.

Mentorsy — tutoring that matches your child's actual syllabus.

#1on1Learning #Mentorsy #IGCSE #BoardExams2027 #HomeworkHelp #ParentingTips #StudyTips #IndianParents #StudySmart","Week two is where most tutoring quietly fails.
Nothing visible has changed. Everyone starts to doubt it.
WHAT'S ACTUALLY HAPPENING: we're working below their grade, on the gap.
That work does not show up in this week's test. It shows up in week six.
WHAT WE SEND YOU instead of marks:
— what your child could not do on day one
— what they can do now
— what we're doing next, and why
Progress you can read before the marks arrive.
If we can't show you that in week two, be suspicious. Of anyone."
2026-09-18,Fri,19:30,reel,Report Card Reality,Mathematics,mid,MATHS,The fast child is not always the strong one.,"The fast child is not always the strong one.

Speed early usually means prior exposure, not capacity. The stall tends to come around Year 10, when the subject stops rewarding recall and starts asking for reasoning.

The child who works slowly and asks why has been building the part that lasts.

Want the Grade 9 Maths gap checklist? Comment MATHS and it's yours.

Mentorsy — tutoring that matches your child's actual syllabus.

#1on1Learning #OnlineTutoring #IBMYP #BoardExams2027 #MathsTutor #Algebra #Geometry #StudySmart #SchoolLife","HOOK (0-4s): The fast child is not always the strong one.
BEAT (4-13s): Speed in Year 7 usually means they met the topic before.
BEAT (13-18s): Real advantage. Temporary one.
BEAT (18-24s): Fast children often stall around Year 10.
BEAT (24-33s): Recall was rewarded. Then the subject asked for reasoning.
BEAT (33-42s): The careful child who asks why was building the durable thing.
CTA (42-47s): Follow for the rest."
2026-09-19,Sat,11:00,carousel,60-Second Lesson,Coding,soft,,What to actually teach a child about AI.,"What to actually teach a child about AI.

Not prompting. Prompting will be obsolete in two years and it was never the hard part.

The durable skill is judgement: knowing when the answer is wrong, where it came from, and when the tool should stay closed. A child who can spot a confident wrong answer is more employable than one who can write a clever prompt.

That skill is just critical thinking with a new surface. Which is good news, because we already know how to teach it.

Save this for exam week.

Mentorsy — live 1:1 mentors for Grades 1–12.

#Mentorsy #OnlineTutoring #IBMYP #IBDP #Scratch #Python #CodingForKids #IndianParents #StudySmart","What to actually teach a child about AI.
How to check whether an answer is true
Where the answer came from
What it is confidently wrong about
When not to use it at all
Save this for the next homework argument."
2026-09-20,Sun,19:30,single,Meet the Mentor,General,soft,,"If the mentor isn't right for your child, that is our mistake to fix, not yours to tolerate.","If the mentor isn't right for your child, that is our mistake to fix, not yours to tolerate.

Fit is not a soft variable. A brilliant mentor who moves too fast for a particular child is the wrong mentor for that child, and no amount of hours fixes it.

So: tell us in week one. We change the mentor, not the child. It costs you nothing and it's a normal part of the process, not a complaint.

Most families never need it. The ones who do shouldn't have to ask twice.

Bookmark it — you'll want it in December.

Mentorsy — live 1:1 mentors for Grades 1–12.

#1on1Learning #OnlineTutoring #IBMYP #BoardExams2027 #ParentingTips #StudyTips #HomeworkHelp #StudySmart #IndianParents",
2026-09-21,Mon,08:00,reel,Curriculum Decoded,General,soft,,Three questions the brochure will not answer.,"Three questions the brochure will not answer.

Three questions for a school tour the brochure will not answer.

The third matters most. A school that puts its strongest teacher with students who are struggling believes ability can move. One that gives the bottom set to whoever is free has already decided it cannot.

Send this to a parent who needs it tonight.

Mentorsy — one child, one mentor, one plan.

#1on1Learning #Mentorsy #ICSE #IBMYP #ParentingTips #StudyTips #HomeworkHelp #ParentsOfTeens #StudySmart","HOOK (0-4s): Three questions the brochure will not answer.
BEAT (4-10s): What happens when a student falls behind?
BEAT (10-16s): How many dropped this subject last year?
BEAT (16-21s): Who teaches the bottom set?
BEAT (21-30s): That last one tells you what the school believes about ability.
BEAT (30-39s): You will learn more from it than the whole prospectus.
CTA (39-44s): Follow for the rest."
2026-09-21,Mon,19:30,carousel,60-Second Lesson,Public Speaking,soft,,Four moments speaking decides the outcome.,"Four moments speaking decides the outcome.

Speaking is the only school subject that is also every subsequent interview.

And almost nobody trains for it, because it does not appear on a report card. It appears at nineteen, in a room, when the grades have already done their job and something else is being assessed.

The useful thing about it is that it responds to practice faster than almost anything else on a timetable. Four weeks of deliberate work changes how a child sounds. Four weeks of maths rarely changes a grade.

Start earlier than feels necessary.

Bookmark it — you'll want it in December.

Mentorsy — CBSE, ICSE, IGCSE, IB and American curricula.

#OnlineTutoring #Mentorsy #BoardExams2027 #ICSE #PublicSpeaking #DebateSkills #ConfidentKids #SchoolLife #IndianParents","Four moments speaking decides the outcome.
The university interview
The group project nobody wants to present
The first job interview, at nineteen
Every viva, defence and presentation after
Start earlier than feels necessary."
2026-09-22,Tue,19:30,reel,Report Card Reality,Science,mid,EXAM,The wrong prediction is the useful one.,"The wrong prediction is the useful one.

When predictions get written after the results, the experiment stops being an experiment. Nothing can surprise anyone, and surprise is where the learning was.

A wrong prediction honestly recorded is better work than a right one copied off the board.

EXAM in the comments gets you the 3-week board exam revision plan. No email needed.

Mentorsy — one child, one mentor, one plan.

#OnlineTutoring #Mentorsy #IBMYP #IGCSE #Biology #ScienceTutor #Chemistry #IndianParents #StudySmart","HOOK (0-4s): The wrong prediction is the useful one.
BEAT (4-11s): Students learn to write the safe prediction.
BEAT (11-17s): Or to write it after the results arrive.
BEAT (17-24s): At that point nothing can surprise anyone.
BEAT (24-32s): And surprise is where the understanding was hiding.
BEAT (32-41s): What did the model get wrong? That is the whole subject.
CTA (41-46s): Follow for the rest."
2026-09-23,Wed,08:00,carousel,Curriculum Decoded,General,soft,BOARDS,"CBSE vs ICSE vs IGCSE, decided in one page instead of forty WhatsApp forwards.","CBSE vs ICSE vs IGCSE, decided in one page instead of forty WhatsApp forwards.

There is no best board. There is a board that fits the child you actually have, and the country they are likely to study in.

Save this for exam week.

Mentorsy — tutoring that matches your child's actual syllabus.

#Mentorsy #1on1Learning #IGCSE #IBMYP #ParentingTips #HomeworkHelp #StudyTips #StudySmart #ParentsOfTeens","CBSE vs ICSE vs IGCSE. One page. No WhatsApp forwards.
There is no best board. There is a fit.
CBSE — Tighter syllabus, strong maths/science spine, aligned to JEE and NEET. Best if the child is India-bound and competitive-exam bound.
ICSE — Broader, heavier on English and internal assessment. Best for strong readers and writers, and children who like depth over speed.
IGCSE — Modular, application-led, internationally portable. Best if there's a chance of moving countries, or the child learns by doing.
The real question isn't which is hardest.
It's: which one matches how your child already learns?
Comment BOARDS — I'll send the one-page comparison."
2026-09-23,Wed,19:30,reel,Proof & Progress,Mathematics,mid,MATHS,Reading worked examples is not revision.,"Reading worked examples is not revision.

The answer is already on the page, so nothing is retrieved and nothing sticks. It gets filed under 'seen', which is not the same as 'can do'.

Close the book. Start the question. Being stuck is the part that teaches.

Comment MATHS and I'll send you the Grade 9 Maths gap checklist.

Mentorsy — one child, one mentor, one plan.

#Mentorsy #OnlineTutoring #BoardExams2027 #CBSE #Algebra #MathHelp #MathsTutor #SchoolLife #IndianParents","HOOK (0-4s): Reading worked examples is not revision.
BEAT (4-9s): The answer is already on the page.
BEAT (9-16s): Nothing is at risk, so nothing is learned.
BEAT (16-23s): The brain files it under 'seen', not 'can do'.
BEAT (23-32s): A blank page is uncomfortable for the reason it works.
BEAT (32-41s): One closed-book question beats an hour of highlighting.
CTA (41-46s): Follow for the rest."
2026-09-24,Thu,19:30,reel,60-Second Lesson,Coding,soft,,Build one thing someone else uses.,"Build one thing someone else uses.

Every child should build one thing other people actually use.

The shift happens the first time someone reports a bug. The work has consequences outside the classroom, and they stop asking whether it is finished and start asking whether it works.

Send this to a parent who needs it tonight.

Mentorsy — live 1:1 mentors for Grades 1–12.

#Mentorsy #OnlineTutoring #CBSE #IBDP #CodingForKids #Scratch #Python #StudySmart #SchoolLife","HOOK (0-4s): Build one thing someone else uses.
BEAT (4-9s): Not a project marked by a teacher.
BEAT (9-17s): Something small and real, for one actual person.
BEAT (17-26s): The shift happens the first time someone reports a bug.
BEAT (26-33s): Now it has consequences outside the classroom.
BEAT (33-42s): They stop asking if it is finished. They ask if it works.
CTA (42-47s): Follow for the rest."
2026-09-25,Fri,08:00,carousel,The Ask,General,hard,TRIAL,What the free trial class is not.,"What the free trial class is not.

Being clear about this saves everyone an hour.

One free class. One mentor. Link in bio.

Mentorsy — tutoring that matches your child's actual syllabus.

#1on1Learning #OnlineTutoring #ICSE #BoardExams2027 #ParentingTips #StudyTips #HomeworkHelp #StudySmart #ParentsOfTeens","What the free trial class is NOT.
It is not a sales call with a teacher present.
It is not a test. Nobody is graded, and nothing is reported anywhere.
It is not 55 minutes of us describing our method.
It IS a real lesson, on a real topic your child is stuck on.
And a written note the same day: what we found, what we'd do, how long it takes.
If the answer is 'you don't need us', we'll say that too.
Free. 55 minutes. No card. Link in bio."
2026-09-25,Fri,19:30,reel,60-Second Lesson,General,soft,,"Study 25 minutes, break 5. Not because it's trendy — because of what the break does.","Study 25 minutes, break 5. Not because it's trendy — because of what the break does.

The break isn't rest. It's when the brain files what just happened.

Which is why the break has to be boring. Walking, water, staring out of a window. A five-minute scroll fills the exact space the filing needed and the session evaporates.

Same 25 minutes of work. Completely different retention. The phone is the variable, not the timer.

Send this to a parent who needs it tonight.

Mentorsy — live 1:1 mentors for Grades 1–12.

#1on1Learning #Mentorsy #IGCSE #IBDP #StudyTips #HomeworkHelp #ParentingTips #ParentsOfTeens #StudySmart","HOOK (0-4s): '25 minutes on, 5 off. Everyone knows this. Almost everyone does it wrong.'
INSIGHT (4-16s): 'The break isn't rest. It's when the brain files what just happened.'
RULE (16-30s): 'Which is why the break has to be BORING. Walk. Water. Window. Not a scroll.'
PAYOFF (30-40s): 'Five minutes of feed fills the exact space the filing needed. Same work, no retention.'
CTA (40-46s): 'Send this to a teenager who studies with their phone face-up.'"
2026-09-26,Sat,11:00,carousel,Report Card Reality,Mathematics,mid,MATHS,"The order maths actually breaks in, and where to look first.","The order maths actually breaks in, and where to look first.

A collapse in Grade 10 almost never starts in Grade 10. Work backwards through this chain and you'll usually find it in one evening.

Want the Grade 9 Maths gap checklist? Comment MATHS and it's yours.

Mentorsy — tutoring that matches your child's actual syllabus.

#1on1Learning #OnlineTutoring #IGCSE #IBMYP #Algebra #Geometry #MathHelp #ParentsOfTeens #IndianParents","Maths breaks in a predictable order.
Work backwards down this chain. You'll find it in an evening.
GRADE 10 stuck on trigonometry?
→ Check ratio and proportion (Grade 7).
GRADE 9 stuck on algebra?
→ Check fractions and negative numbers (Grade 6).
GRADE 8 stuck on percentages?
→ Check decimals and place value (Grade 5).
The failing chapter is almost never the broken one.
Comment MATHS for the full diagnostic chain."
2026-09-27,Sun,19:30,single,The Ask,General,hard,,"If money is the reason you're hesitating, say so.","If money is the reason you're hesitating, say so.

It's the most common reason and the least often said out loud, and it usually leads to a worse decision made quietly — a cheaper option that doesn't work, or nothing at all.

Tell us the number that's realistic. Sometimes the answer is fewer sessions targeted at one gap rather than a weekly commitment, and that genuinely works.

We'd rather build something you can sustain than sell you a term you resent by October.

Free 55-minute trial class, 1:1, no card needed. Link in bio.

Mentorsy — live 1:1 mentors for Grades 1–12.

#Mentorsy #1on1Learning #ICSE #IGCSE #ParentingTips #StudyTips #HomeworkHelp #ParentsOfTeens #StudySmart",
2026-09-28,Mon,08:00,reel,Curriculum Decoded,French,soft,,Examiners are not counting your words.,"Examiners are not counting your words.

They are checking tense control, justified opinions, and whether you can keep going when a word will not come.

Every candidate loses a word mid-sentence. The mark difference is whether they stop dead or say it another way.

Save this for exam week.

Mentorsy — one child, one mentor, one plan.

#Mentorsy #OnlineTutoring #IBMYP #CBSE #FrenchForKids #LearnFrench #DELF #StudySmart #ParentsOfTeens","HOOK (0-4s): Examiners are not counting your words.
BEAT (4-9s): They are checking three things.
BEAT (9-16s): Can you hold a tense across a whole answer.
BEAT (16-22s): Can you give an opinion and justify it.
BEAT (22-29s): Can you keep going when a word will not come.
BEAT (29-37s): Everyone loses a word. The mark is in the recovery.
CTA (37-42s): Follow for the rest."
2026-09-28,Mon,19:30,carousel,Proof & Progress,Public Speaking,mid,SPEAK,How to fix a child who rushes when nervous.,"How to fix a child who rushes when nervous.

Nerves do not make a child quiet. They make a child fast.

And speed is the thing that costs marks, because nobody can follow it and the speaker cannot hear themselves think.

Telling them to slow down does not work under pressure. Marking the pauses on the page does, because it turns a feeling into an instruction.

The first line matters most. Rehearse it until it is automatic, and the rest arrives on a body that has already started.

Comment SPEAK and I'll send you the at-home public speaking drill sheet.

Mentorsy — one child, one mentor, one plan.

#Mentorsy #1on1Learning #IBMYP #BoardExams2027 #PublicSpeaking #ConfidentKids #DebateSkills #SchoolLife #StudySmart","How to fix a child who rushes when nervous.
Mark the pauses on the page, physically
Rehearse the first line until it is automatic
Give them one thing to do with their hands
Record it once. They will hear it themselves
Try this before the next presentation."
2026-09-29,Tue,19:30,reel,Report Card Reality,General,mid,SPEAK,Ask when they decided they were bad at it.,"Ask when they decided they were bad at it.

Almost every 'I'm not a maths person' traces to a specific moment. The belief outlives the incident by a decade.

Things you can date are things you can undo.

Type SPEAK below — the at-home public speaking drill sheet goes straight to your DMs.

Mentorsy — live 1:1 mentors for Grades 1–12.

#1on1Learning #Mentorsy #ICSE #IBDP #ParentingTips #StudyTips #HomeworkHelp #IndianParents #StudySmart","HOOK (0-4s): Ask when they decided they were bad at it.
BEAT (4-11s): 'I'm not a maths person' is not an assessment.
BEAT (11-16s): It is a memory.
BEAT (16-23s): Usually one topic, one question, one afternoon.
BEAT (23-30s): The belief outlives the incident by ten years.
BEAT (30-37s): Things you can date are things you can undo.
CTA (37-42s): Follow for the rest."
2026-09-30,Wed,08:00,carousel,60-Second Lesson,Mathematics,soft,MATHS,Six words in a maths question that tell you exactly what to do.,"Six words in a maths question that tell you exactly what to do.

Exam boards use a fixed vocabulary. Children who know it stop guessing at what's being asked and start answering it.

Screenshot the last slide.

Mentorsy — CBSE, ICSE, IGCSE, IB and American curricula.

#OnlineTutoring #1on1Learning #BoardExams2027 #ICSE #Algebra #Geometry #MathsTutor #ParentsOfTeens #SchoolLife","Six words that tell you exactly what the question wants.
Exam boards use a fixed vocabulary. Most students never learn it.
STATE / WRITE DOWN — no working needed. Just the answer. Don't waste time.
SHOW THAT — the answer is given. Marks are ONLY for the steps.
HENCE — you must use the previous part. Starting fresh scores zero.
DETERMINE / FIND — working required, method carries marks.
EXPLAIN — words, not numbers. A calculation alone gets nothing.
SKETCH vs PLOT — sketch is shape and key points. Plot means accurate scale.
Comment MATHS for the full command-word sheet."
2026-09-30,Wed,19:30,reel,Report Card Reality,Coding,mid,CODE,Red text is not a telling-off.,"Red text is not a telling-off.

The error message is the most specific piece of help available, and most beginners never read it. Eyes slide off, hands go up.

One habit fixes it: say the message out loud before touching the keyboard. Being stuck becomes a procedure instead of an emergency.

CODE in the comments gets you the parent's primer on coding. No email needed.

Mentorsy — CBSE, ICSE, IGCSE, IB and American curricula.

#OnlineTutoring #Mentorsy #IGCSE #ICSE #CodingForKids #Python #Scratch #SchoolLife #ParentsOfTeens","HOOK (0-4s): Red text is not a telling-off.
BEAT (4-11s): The instinct is to feel caught and look away.
BEAT (11-19s): The line number goes unread. The message goes unread.
BEAT (19-28s): But that message is the most specific help in the session.
BEAT (28-37s): Written by the machine, free, at the exact moment it is needed.
BEAT (37-46s): The habit: say it out loud before touching the keyboard.
CTA (46-51s): Follow for the rest."
2026-10-01,Thu,19:30,reel,60-Second Lesson,Science,soft,,Balance any chemical equation with one rule: leave hydrogen and oxygen for last.,"Balance any chemical equation with one rule: leave hydrogen and oxygen for last.

Most students balance left to right and end up going in circles.

Order matters. Do the metals first. Then the non-metals that aren't H or O. Then hydrogen. Then oxygen, last, because oxygen appears in the most places and adjusts most easily.

Same equation, same chemistry, a third of the time. This one sequencing habit is worth several marks a paper.

Bookmark it — you'll want it in December.

Mentorsy — tutoring that matches your child's actual syllabus.

#1on1Learning #OnlineTutoring #IBDP #IBMYP #ScienceTutor #Biology #Chemistry #ParentsOfTeens #IndianParents","HOOK (0-4s): 'Balancing equations takes forever because you're doing it in the wrong order.'
RULE (4-14s): On screen: 1 Metals → 2 Other non-metals → 3 Hydrogen → 4 Oxygen LAST.
WHY (14-26s): 'Oxygen appears in the most places, so it adjusts most easily. Do it last and it falls into place instead of fighting you.'
DEMO (26-40s): Balance one combustion equation live using the order.
CTA (40-46s): 'Save this before your next chemistry test.'"
2026-10-02,Fri,08:00,carousel,Meet the Mentor,General,mid,EXAM,What happens in the first ten minutes of a Mentorsy session.,"What happens in the first ten minutes of a Mentorsy session.

No small talk, no settling in. The first ten minutes decide whether the other fifty are useful.

Type EXAM below — the 3-week board exam revision plan goes straight to your DMs.

Mentorsy — live 1:1 mentors for Grades 1–12.

#Mentorsy #1on1Learning #CBSE #IBDP #ParentingTips #StudyTips #HomeworkHelp #IndianParents #SchoolLife","The first ten minutes of a session.
No small talk. No settling in.
MIN 1-3 — What did you get stuck on since we last spoke?
MIN 3-6 — Show me. Don't tell me. Work it here.
MIN 6-8 — The mentor watches WHERE the hesitation is, not whether the answer is right.
MIN 8-10 — That hesitation becomes today's lesson.
This is why we don't follow a fixed syllabus.
The child's actual gap sets the agenda, every single time."
2026-10-02,Fri,19:30,reel,Curriculum Decoded,Coding,soft,,"A ban is a position, not a policy.","A ban is a position, not a policy.

Ask what is allowed, what must be declared, and how assessment has changed in response. The last one matters most, because it is the only answer that costs the school something.

Ask for the document. A school that has one will hand it over.

Send this to a parent who needs it tonight.

Mentorsy — CBSE, ICSE, IGCSE, IB and American curricula.

#1on1Learning #Mentorsy #IBMYP #CBSE #Python #CodingForKids #Scratch #IndianParents #StudySmart","HOOK (0-4s): A ban is a position, not a policy.
BEAT (4-10s): It says what the school disapproves of.
BEAT (10-18s): Not what happens to a piece of homework on a Tuesday.
BEAT (18-27s): A policy names what is allowed and what must be declared.
BEAT (27-34s): And how assessment has changed in response.
BEAT (34-43s): That last part is the only one that costs the school something.
CTA (43-48s): Follow for the rest."
2026-10-03,Sat,11:00,carousel,Proof & Progress,General,soft,,Why a batch of 40 cannot do what one mentor does. Structurally.,"Why a batch of 40 cannot do what one mentor does. Structurally.

This isn't a criticism of school teachers. It's arithmetic.

Save this for exam week.

Mentorsy — one child, one mentor, one plan.

#Mentorsy #1on1Learning #ICSE #IBMYP #StudyTips #HomeworkHelp #ParentingTips #IndianParents #SchoolLife","Why a batch of 40 can't do what one mentor does.
This isn't about teacher quality. It's arithmetic.
A 40-minute period ÷ 40 students = 60 seconds each. If nobody else speaks.
The teacher must move at the pace of the median child. By definition, half the room is in the wrong lesson.
A child who is lost cannot say so without cost. So they don't.
The syllabus must be finished. Gaps are carried forward, not closed.
1:1 changes exactly one variable: the pace is set by YOUR child.
Everything else — the diagnosis, the confidence, the marks — follows from that one change."
2026-10-04,Sun,19:30,single,The Ask,General,hard,TRIAL,'We'll start after the exams' is how a whole year goes.,"'We'll start after the exams' is how a whole year goes.

It's the most reasonable sentence a parent says, and it's usually wrong — because the gap that caused this exam is the same gap that will be there for the next one, and it will have had three more months to widen.

You don't need to start a full programme mid-term. You need one hour, to find out what's actually happening.

The free trial exists precisely so this decision doesn't have to wait for a calendar.

Book the free trial — link in bio. We'll send a plan the same day.

Mentorsy — one child, one mentor, one plan.

#OnlineTutoring #Mentorsy #IBDP #IBMYP #HomeworkHelp #ParentingTips #StudyTips #IndianParents #StudySmart",
2026-10-05,Mon,08:00,reel,60-Second Lesson,Mathematics,soft,,"Percentages in your head, in one line: x% of y = y% of x.","Percentages in your head, in one line: x% of y = y% of x.

They are the same number. Always.

4% of 75 looks awful. Flip it: 75% of 4 = 3. Done.
18% of 50? Flip it: 50% of 18 = 9.
16% of 25? Flip it: 25% of 16 = 4.

The rule is one multiplication written in a different order, which is why it's true — and why nobody thinks to use it.

Save this for exam week.

Mentorsy — CBSE, ICSE, IGCSE, IB and American curricula.

#Mentorsy #1on1Learning #IGCSE #CBSE #Geometry #MathHelp #Algebra #SchoolLife #ParentsOfTeens","HOOK (0-4s): 'What is 4% of 75? Don't reach for the calculator.'
RULE (4-12s): 'x percent of y equals y percent of x. Always. Same number.'
DEMO (12-28s): 'So flip it. 75% of 4. That's 3. Done.' On screen: 18% of 50 → 50% of 18 → 9. And: 16% of 25 → 25% of 16 → 4.
WHY (28-38s): 'It works because it's the same multiplication, written in a different order.'
CTA (38-44s): 'Bookmark it. You'll use it on a restaurant bill.'"
2026-10-05,Mon,19:30,carousel,Report Card Reality,General,mid,EXAM,Seven things a report card cannot tell you.,"Seven things a report card cannot tell you.

A report card is a summary of outcomes. It contains almost no information about causes — which is the only thing a parent can actually act on.

EXAM in the comments gets you the 3-week board exam revision plan. No email needed.

Mentorsy — tutoring that matches your child's actual syllabus.

#OnlineTutoring #1on1Learning #ICSE #IGCSE #HomeworkHelp #StudyTips #ParentingTips #StudySmart #ParentsOfTeens","Seven things a report card cannot tell you.
1. Whether 62 was a ceiling or a bad week.
2. Whether they understood it or memorised the pattern.
3. Which chapter the gap actually started in.
4. Whether they asked for help and were rushed past.
5. Whether they can do it alone, or only with the class.
6. How much of the mark was handwriting and presentation.
7. Whether they still believe they can get better.
A report card gives you outcomes. You need causes.
Comment EXAM — I'll send the diagnostic questions to ask."
2026-10-06,Tue,19:30,reel,Curriculum Decoded,Science,soft,,Required practicals are free marks that most students donate back.,"Required practicals are free marks that most students donate back.

In IGCSE and A-level sciences, a fixed set of practicals is examinable — and the questions are predictable: variables, control, error, improvement.

Students revise the theory and skip the practicals, then meet six marks on apparatus they last touched in October.

Go through each required practical and write four lines: what was measured, what was controlled, where the error came from, how you'd improve it. That's the whole exam question, every time.

Screenshot the last slide.

Mentorsy — CBSE, ICSE, IGCSE, IB and American curricula.

#1on1Learning #OnlineTutoring #IGCSE #IBMYP #Biology #ScienceTutor #Chemistry #ParentsOfTeens #SchoolLife","HOOK (0-5s): 'Required practicals are free marks. Most students donate them back.'
FACT (5-18s): 'In IGCSE and A-level science, a fixed set of practicals is examinable — and the questions are always the same four.'
THE FOUR (18-34s): On screen: What was MEASURED? What was CONTROLLED? Where's the ERROR? How would you IMPROVE it?
PROBLEM (34-44s): 'Students revise theory and skip practicals, then meet six marks on apparatus they last touched in October.'
CTA (44-52s): 'Four lines per practical. Do it this weekend.'"
2026-10-07,Wed,08:00,carousel,Proof & Progress,Mathematics,mid,MATHS,The five-minute check that finds the gap.,"The five-minute check that finds the gap.

Five minutes, and no marking.

Give your child a question they already got right, and ask why the method works. Fluency without understanding shows up in seconds, and it is the best early warning there is.

Then set one from two years earlier. Watch where they pause, not what they answer.

The hesitation is the diagnosis.

MATHS in the comments gets you the Grade 9 Maths gap checklist. No email needed.

Mentorsy — one child, one mentor, one plan.

#1on1Learning #OnlineTutoring #IBMYP #IGCSE #Algebra #MathsTutor #Geometry #StudySmart #IndianParents","The five-minute check that finds the gap.
Ask them to explain, not to solve
Go back two years, not two weeks
Watch where they stop, not what they answer
Do it without a grade attached
Try this tonight."
2026-10-07,Wed,19:30,reel,60-Second Lesson,Public Speaking,soft,SPEAK,Nerves are not the enemy. Unrehearsed openings are.,"Nerves are not the enemy. Unrehearsed openings are.

Almost all visible panic happens in the first fifteen seconds, before the speaker has found their footing.

So rehearse only the opening. Not the whole speech — the first three sentences, until they're automatic. Once those are out, the body of the talk usually looks after itself.

The rest of the nerves stay. They just stop showing.

Save this for exam week.

Mentorsy — CBSE, ICSE, IGCSE, IB and American curricula.

#1on1Learning #Mentorsy #ICSE #IGCSE #PublicSpeaking #DebateSkills #ConfidentKids #SchoolLife #ParentsOfTeens","HOOK (0-5s): 'Nerves aren't the enemy. Unrehearsed openings are.'
OBSERVATION (5-18s): 'Almost all visible panic happens in the first fifteen seconds — before the speaker finds their footing.'
DRILL (18-33s): 'So rehearse ONLY the opening. Not the whole speech. The first three sentences, until they're automatic.'
PAYOFF (33-45s): 'Once those are out, the body of the talk looks after itself. The nerves stay. They stop showing.'
CTA (45-52s): 'Comment SPEAK for the drill sheet.'"
2026-10-08,Thu,19:30,reel,Report Card Reality,General,mid,BOARDS,No child is behind.,"No child is behind.

No child is behind. A topic was left unfinished, and everything after it inherited the gap.

That is not a kindness, it is a diagnosis. One version makes a fourteen year old the problem. The other makes it a sequence, and sequences can be reordered.

Type BOARDS below — the CBSE vs ICSE vs IGCSE one-pager goes straight to your DMs.

Mentorsy — live 1:1 mentors for Grades 1–12.

#Mentorsy #OnlineTutoring #BoardExams2027 #IBMYP #StudyTips #HomeworkHelp #ParentingTips #IndianParents #StudySmart","HOOK (0-4s): No child is behind.
BEAT (4-9s): A topic was left unfinished.
BEAT (9-17s): Everything built on top of it inherited the gap.
BEAT (17-26s): 'Behind' describes the child and offers nothing to do.
BEAT (26-34s): 'Unfinished topic' tells you exactly where to go.
BEAT (34-42s): Same situation. Completely different next Monday.
CTA (42-47s): Follow for the rest."
2026-10-09,Fri,08:00,carousel,Curriculum Decoded,Science,soft,BOARDS,The CBSE Grade 10 Science paper rewards a specific kind of answer. Most students don't write it.,"The CBSE Grade 10 Science paper rewards a specific kind of answer. Most students don't write it.

Marks are awarded per point, not per paragraph. A beautiful three-line explanation that contains one marking point scores one mark. Three ugly bullet points containing three marking points score three.

Bookmark it — you'll want it in December.

Mentorsy — one child, one mentor, one plan.

#OnlineTutoring #1on1Learning #BoardExams2027 #IGCSE #Chemistry #ScienceTutor #Biology #SchoolLife #ParentsOfTeens","The CBSE Grade 10 Science paper rewards one specific kind of answer.
Most students don't write it.
Marks are awarded PER POINT. Not per paragraph.
A beautiful 3-line explanation with 1 marking point = 1 mark.
Three ugly bullets with 3 marking points = 3 marks.
So: count the marks. Write that many distinct points.
5-mark question? Five points. Labelled diagram counts as one of them.
This isn't gaming the exam. It's reading the instructions.
Comment BOARDS for the answer-structure sheet."
2026-10-09,Fri,19:30,reel,60-Second Lesson,Mathematics,soft,,Estimate first. It catches almost every calculator disaster.,"Estimate first. It catches almost every calculator disaster.

A mistyped digit turns 4.7 into 47 and nobody notices, because the calculator answers with total confidence.

So before pressing anything, round hard and say the rough answer out loud. 4.7 × 19.6 is 'about 5 times 20, so about 100'. If the screen says 921, you've found the typo before it cost you the mark.

Two seconds. It saves marks in every numerical paper a child will ever sit.

Save this for exam week.

Mentorsy — live 1:1 mentors for Grades 1–12.

#1on1Learning #Mentorsy #ICSE #IGCSE #MathHelp #Algebra #MathsTutor #IndianParents #ParentsOfTeens","HOOK (0-5s): 'Estimate first. It catches almost every calculator disaster.'
PROBLEM (5-16s): 'A mistyped digit turns 4.7 into 47 — and the calculator answers with total confidence.'
METHOD (16-32s): 'Before you press anything: round hard, say it out loud. 4.7 times 19.6 is about 5 times 20. About 100.'
CATCH (32-44s): 'If the screen says 921, you've found the typo before it cost you the mark.'
CLOSE (44-52s): 'Two seconds. Works in every numerical paper they'll ever sit.'"
2026-10-10,Sat,11:00,carousel,Proof & Progress,French,mid,FRENCH,Why your child can pass French and still not speak it.,"Why your child can pass French and still not speak it.

Why a child can score well in French and still freeze in Paris.

Written exams reward recall. Speaking requires retrieval under time pressure, which is a different skill using a different part of the memory, and almost nothing in a school term practises it.

A vocabulary list learned on Sunday and tested on Friday is stored, not owned.

Ask when your child last had to answer a question in French without knowing it was coming.

Comment FRENCH and I'll send you the A1-A2 French vocabulary pack.

Mentorsy — CBSE, ICSE, IGCSE, IB and American curricula.

#Mentorsy #1on1Learning #IBDP #CBSE #LearnFrench #FrenchForKids #DELF #StudySmart #IndianParents","Why your child can pass French and still not speak it.
Written exams reward recall, not retrieval
Vocabulary lists are stored, never used
Grammar is taught before anything is said
Nobody has ever had to answer quickly
Ask when your child last spoke French unscripted."
2026-10-11,Sun,19:30,single,Meet the Mentor,General,soft,,The three-line note that goes to a parent after every single session.,"The three-line note that goes to a parent after every single session.

What we covered. What clicked. What to watch this week.

That's it. No dashboards, no percentage bars, nothing you need to log in for.

Because the thing parents actually want isn't analytics. It's to know whether the hour worked, in language they can act on before dinner.

Save this for exam week.

Mentorsy — one child, one mentor, one plan.

#Mentorsy #OnlineTutoring #IGCSE #IBMYP #HomeworkHelp #StudyTips #ParentingTips #IndianParents #ParentsOfTeens",
2026-10-12,Mon,08:00,reel,60-Second Lesson,Mathematics,soft,,"The 11 times table trick nobody teaches, and it works up to 99.","The 11 times table trick nobody teaches, and it works up to 99.

Take any two-digit number. Split the digits. Add them. Put the sum in the middle.

32 × 11 → 3_2, 3+2=5 → 352.
45 × 11 → 4_5, 4+5=9 → 495.

If the middle sum crosses 9, carry it left. 87 × 11 → 8_7, 8+7=15 → carry the 1 → 957.

Teach it once. Your child will show it to everyone for a week, and that is exactly how a child decides Maths is interesting.

Bookmark it — you'll want it in December.

Mentorsy — one child, one mentor, one plan.

#OnlineTutoring #Mentorsy #ICSE #IGCSE #MathHelp #Algebra #Geometry #ParentsOfTeens #SchoolLife","HOOK (0-3s): '32 times 11. Three seconds. Watch.'
DEMO (3-15s): Write 3 _ 2. 'Split the digits. Add them. Three plus two is five. Put it in the middle. 352.'
SECOND (15-24s): '45 times 11. Four, nine, five. 495.'
EDGE CASE (24-38s): '87? 8 plus 7 is 15. Carry the one. 957.'
CTA (38-44s): 'Show your kid tonight. They'll show everyone at school tomorrow.'"
2026-10-12,Mon,19:30,carousel,Report Card Reality,French,mid,FRENCH,Four reasons French vocabulary will not stick.,"Four reasons French vocabulary will not stick.

Most lists get learned French to English, because that is the direction the test runs. Then the speaking assessment asks for the opposite and the word is not there.

Words also arrive stripped of context. 'Chercher' on a list is a translation. 'Je cherche mes clés' is a memory, and memories survive longer than translations.

And almost none of it is said aloud, so the mouth has never made the sound under pressure.

Same twenty words. Both directions, in sentences, out loud, twice across a week. That is the whole change.

Type FRENCH below — the A1-A2 French vocabulary pack goes straight to your DMs.

Mentorsy — CBSE, ICSE, IGCSE, IB and American curricula.

#Mentorsy #1on1Learning #IGCSE #IBDP #FrenchForKids #DELF #LearnFrench #IndianParents #StudySmart","Four reasons French vocabulary will not stick.
Word lists are learned in one direction only
Nothing is ever said out loud
The words arrive without a sentence around them
Revision happens once, the night before
Send this to a parent of a Year 9."
2026-10-13,Tue,19:30,reel,Curriculum Decoded,Coding,soft,,A coding club is not a coding course.,"A coding club is not a coding course.

A club is designed so a child who missed last week still enjoys this week. That constraint is exactly what makes progression impossible.

Ask what week eight assumes that week one taught. If nothing, it is exposure, not a course.

Send this to a parent who needs it tonight.

Mentorsy — live 1:1 mentors for Grades 1–12.

#1on1Learning #Mentorsy #IBMYP #IGCSE #CodingForKids #Python #Scratch #ParentsOfTeens #SchoolLife","HOOK (0-4s): A coding club is not a coding course.
BEAT (4-13s): A club is exposure, and that is worth having at eleven.
BEAT (13-22s): But a club is built so that missing a week costs nothing.
BEAT (22-29s): Which means the difficulty can never rise.
BEAT (29-35s): A course has an order and a next thing.
BEAT (35-43s): Ask what week eight assumes that week one taught.
CTA (43-48s): Follow for the rest."
2026-10-14,Wed,08:00,carousel,Proof & Progress,Science,mid,EXAM,Four science questions that reveal whether a child understands.,"Four science questions that reveal whether a child understands.

Four questions that reveal whether a child understands science or has memorised it.

None of them ask for a definition. A definition can be recited by a child who has understood nothing, which is why exams stopped rewarding them.

These four ask what the idea is connected to. Understanding is a shape, not a fact, and you can only see the shape from the edges.

Try one tonight over dinner. Two minutes, no marking, and you will know more than the last report told you.

Want the 3-week board exam revision plan? Comment EXAM and it's yours.

Mentorsy — CBSE, ICSE, IGCSE, IB and American curricula.

#1on1Learning #OnlineTutoring #IBMYP #CBSE #ScienceTutor #Physics #Biology #ParentsOfTeens #SchoolLife","Four science questions that reveal whether a child understands.
What would change if this were not true?
Where have you seen this outside the book?
What is this a special case of?
What would you measure to test it?
Try one tonight. It takes two minutes."
2026-10-14,Wed,19:30,reel,60-Second Lesson,English,soft,,The one-sentence rule that fixes 90% of school paragraphs.,"The one-sentence rule that fixes 90% of school paragraphs.

Every paragraph makes one point. If you can't say the point in one sentence, it's two paragraphs.

That's it. That's the whole rule, and it's the difference between an answer that reads like thinking and one that reads like a bucket.

Have your child underline the point sentence in each paragraph of their last essay. Where they can't find one, the marks went missing.

Send this to a parent who needs it tonight.

Mentorsy — tutoring that matches your child's actual syllabus.

#Mentorsy #OnlineTutoring #CBSE #IBMYP #ReadingSkills #EnglishTutor #Grammar #ParentsOfTeens #SchoolLife","HOOK (0-4s): 'One rule fixes ninety percent of school paragraphs.'
RULE (4-12s): 'Every paragraph makes ONE point. If you can't say the point in one sentence — it's two paragraphs.'
DEMO (12-28s): Show a bloated paragraph on screen. Split it. 'Same words. Now it reads like thinking instead of a bucket.'
HOMEWORK (28-40s): 'Take their last essay. Underline the point sentence in each paragraph. Where there isn't one — that's where the marks went.'
CTA (40-44s): 'Save this for the next assignment.'"
2026-10-15,Thu,19:30,reel,Report Card Reality,Public Speaking,mid,SPEAK,The quiet child in class is often the loudest at home.,"The quiet child in class is often the loudest at home.

Not personality. Audience. The fluency is already there; what changed is the cost of being wrong in front of thirty peers.

One prepared sentence offered early in the lesson does more than a term of being told to speak up.

Want the at-home public speaking drill sheet? Comment SPEAK and it's yours.

Mentorsy — live 1:1 mentors for Grades 1–12.

#OnlineTutoring #1on1Learning #IBMYP #IGCSE #DebateSkills #PublicSpeaking #ConfidentKids #SchoolLife #StudySmart","HOOK (0-4s): The quiet child in class is often the loudest at home.
BEAT (4-11s): That is not personality. That is audience.
BEAT (11-16s): The fluency is already there.
BEAT (16-25s): What changed is the cost of being wrong in front of thirty peers.
BEAT (25-32s): So do not aim for brave. Aim for rehearsed.
BEAT (32-41s): One prepared sentence, offered early, beats a term of 'speak up'.
CTA (41-46s): Follow for the rest."
2026-10-16,Fri,08:00,carousel,Curriculum Decoded,Science,soft,,Combined or separate sciences: what actually changes.,"Combined or separate sciences: what actually changes.

Separate sciences are usually more content rather than harder content, and they cost a timetable slot that has to come from somewhere. Often that somewhere is a language or a humanity your child would have enjoyed.

The decision that matters is not prestige, it is what your child wants at A Level and what your specific sixth form asks for. Entry requirements differ between schools, so the only reliable answer comes from the school itself.

Ask that question directly, in Year 9, and take the answer in writing. It converts an anxious guess into a scheduling decision.

Screenshot the last slide.

Mentorsy — one child, one mentor, one plan.

#OnlineTutoring #Mentorsy #IBDP #BoardExams2027 #Biology #Chemistry #ScienceTutor #SchoolLife #IndianParents","Combined or separate sciences: what actually changes.
Separate sciences cover more content, not harder content
Three sciences means three slots on the timetable
Combined keeps a language or a humanity alive
Neither closes A Level Sciences by itself
Ask the school what their sixth form expects."
2026-10-16,Fri,19:30,reel,60-Second Lesson,Mathematics,soft,,Same grade. Completely different next year.,"Same grade. Completely different next year.

A grade built on remembered procedures and one built on understood procedures look identical on results day. They stop looking identical the first time a question arrives in an unfamiliar shape.

Ask why the method works. 'That's just how you do it' is the fragile answer.

Save this for exam week.

Mentorsy — one child, one mentor, one plan.

#Mentorsy #1on1Learning #BoardExams2027 #IGCSE #Geometry #MathsTutor #MathHelp #ParentsOfTeens #IndianParents","HOOK (0-4s): Same grade. Completely different next year.
BEAT (4-13s): A grade can be built on remembered procedures or understood ones.
BEAT (13-20s): The paper often cannot tell the difference.
BEAT (20-27s): Then a question arrives in an unfamiliar shape.
BEAT (27-36s): One student adapts. One waits to be told which method this is.
BEAT (36-45s): Ask why the method works. The answer tells you which you have.
CTA (45-50s): Follow for the rest."
2026-10-17,Sat,11:00,carousel,Report Card Reality,Public Speaking,mid,SPEAK,What to say the night before they present.,"What to say the night before they present.

What to say the night before your child presents.

'Just be confident' asks them to produce a feeling on demand, which nobody can do. It reads as pressure, not support.

What works is specific and physical. Name the part they know best, so they have somewhere solid to start. Tell them nobody can see nerves, because it is true and they assume otherwise. And tell them to go slower than feels right, because speed is what nerves do to a voice and slowing down is the only lever they can actually pull mid-sentence.

Type SPEAK below — the at-home public speaking drill sheet goes straight to your DMs.

Mentorsy — CBSE, ICSE, IGCSE, IB and American curricula.

#1on1Learning #Mentorsy #BoardExams2027 #ICSE #PublicSpeaking #ConfidentKids #DebateSkills #IndianParents #ParentsOfTeens","What to say the night before they present.
'You know this bit best' - name the bit
'Nobody can tell you are nervous'
'Slow is the only trick that works'
Not: 'just be confident'
Save this for the next one."
2026-10-18,Sun,19:30,single,The Ask,General,hard,,You don't need to know what's wrong before you book. That's our job.,"You don't need to know what's wrong before you book. That's our job.

The most common reason a parent waits is not money. It's not knowing what to ask for — 'she's just not doing well in Maths' feels too vague to hand to anyone.

It isn't. That sentence is the entire brief. Finding the specific gap underneath it is the first thing the trial class does.

Come with the vague version. Leave with the specific one.

One free class. One mentor. Link in bio.

Mentorsy — tutoring that matches your child's actual syllabus.

#1on1Learning #Mentorsy #IBDP #CBSE #StudyTips #ParentingTips #HomeworkHelp #ParentsOfTeens #SchoolLife",
2026-10-19,Mon,08:00,reel,60-Second Lesson,Mathematics,soft,,"Divide anything by 5 in your head: double it, move the point.","Divide anything by 5 in your head: double it, move the point.

Dividing by 5 is the same as multiplying by 2 and dividing by 10, and the second one is free.

340 ÷ 5 → 680 → 68.
85 ÷ 5 → 170 → 17.
1,240 ÷ 5 → 2,480 → 248.

Same for multiplying by 5: halve it, move the point the other way. 86 × 5 → 43 → 430.

Send this to a parent who needs it tonight.

Mentorsy — CBSE, ICSE, IGCSE, IB and American curricula.

#Mentorsy #OnlineTutoring #BoardExams2027 #IBMYP #Algebra #Geometry #MathsTutor #ParentsOfTeens #StudySmart","HOOK (0-4s): '340 divided by 5. Two seconds, no pen.'
RULE (4-13s): 'Double it. Move the decimal point. That's it.'
DEMO (13-28s): '340 doubled is 680. Move the point: 68.' Then 85 → 170 → 17. Then 1240 → 2480 → 248.
WHY (28-38s): 'It works because dividing by 5 IS multiplying by 2 and dividing by 10 — and dividing by 10 is free.'
FLIP (38-48s): 'Multiplying by 5? Halve it, move the point the other way. 86 times 5 — 43 — 430.'
CTA (48-52s): 'Save it. Test them at dinner.'"
2026-10-19,Mon,19:30,carousel,Curriculum Decoded,Coding,soft,,How to tell a real coding class from an expensive one.,"How to tell a real coding class from an expensive one.

Ask to see a student project from week eight, not the showreel. Week eight is where the difference lives: either everyone's project looks identical, which means they copied, or they look different, which means they built.

Ask what happens when a child finishes early. In a good class, they extend it. In a weak one, they wait.

And ask how many students share a screen. Two is fine, and often better. Four means three are watching.

Screenshot the last slide.

Mentorsy — CBSE, ICSE, IGCSE, IB and American curricula.

#1on1Learning #OnlineTutoring #IGCSE #IBMYP #Python #CodingForKids #Scratch #IndianParents #ParentsOfTeens","How to tell a real coding class from an expensive one.
Ask to see a student project from week eight
Ask what happens when someone finishes early
Ask how many students share one screen
Ask what they build that was not on the plan
Ask these before you enrol."
2026-10-20,Tue,19:30,reel,60-Second Lesson,French,soft,FRENCH,Why 'je suis 14 ans' makes a French examiner wince.,"Why 'je suis 14 ans' makes a French examiner wince.

In French you don't 'be' an age, you 'have' one. J'ai quatorze ans — literally, I have fourteen years.

The same verb runs a whole family of expressions English gets wrong: j'ai faim (I have hunger), j'ai froid (I have cold), j'ai peur (I have fear), j'ai raison (I have reason — I'm right).

Learn the pattern once and six mistakes disappear together.

Save this for exam week.

Mentorsy — CBSE, ICSE, IGCSE, IB and American curricula.

#1on1Learning #Mentorsy #IGCSE #CBSE #FrenchForKids #LearnFrench #DELF #IndianParents #ParentsOfTeens","HOOK (0-5s): 'Je suis quatorze ans. Every French examiner just winced.'
RULE (5-15s): 'In French you don't BE an age. You HAVE one. J'ai quatorze ans — I have fourteen years.'
FAMILY (15-35s): On screen: j'ai faim — I have hunger. j'ai froid — I have cold. j'ai peur — I have fear. j'ai raison — I have reason.
PAYOFF (35-45s): 'One pattern. Six mistakes gone at once.'
CTA (45-50s): 'Comment FRENCH for the vocabulary pack.'"
2026-10-21,Wed,08:00,carousel,Report Card Reality,Science,mid,EXAM,"78 in Science, but she can't explain photosynthesis at the dinner table.","78 in Science, but she can't explain photosynthesis at the dinner table.

That gap has a name. It's called inert knowledge — facts that can be retrieved for a test and nowhere else.

It happens when a child learns to recognise questions instead of understanding ideas. The exam rewards it. Life doesn't.

The test for it is embarrassingly simple: ask them to explain the chapter to you like you're eight years old. If they can only recite, the marks are borrowed.

One question at dinner, twice a week. That's the whole intervention.

Type EXAM below — the 3-week board exam revision plan goes straight to your DMs.

Mentorsy — one child, one mentor, one plan.

#Mentorsy #1on1Learning #IBMYP #ICSE #Biology #Physics #Chemistry #StudySmart #ParentsOfTeens","78 in Science.
Can't explain it at dinner.
This has a name: inert knowledge.
Facts that work in an exam and nowhere else.
It happens when a child learns to RECOGNISE questions, not understand ideas.
The test: 'Explain today's chapter like I'm eight.'
If they can only recite — the marks are borrowed.
Two dinner questions a week. That's the whole fix."
2026-10-21,Wed,19:30,reel,Proof & Progress,General,mid,BOARDS,The first session should not be chapter one.,"The first session should not be chapter one.

The first session should be diagnosis, not chapter one.

Nobody can teach a gap they have not located. Starting the syllabus on day one assumes the problem is coverage, and it almost never is.

Want the CBSE vs ICSE vs IGCSE one-pager? Comment BOARDS and it's yours.

Mentorsy — live 1:1 mentors for Grades 1–12.

#1on1Learning #OnlineTutoring #CBSE #ICSE #HomeworkHelp #ParentingTips #StudyTips #SchoolLife #ParentsOfTeens","HOOK (0-4s): The first session should not be chapter one.
BEAT (4-13s): Starting the syllabus assumes the problem is coverage.
BEAT (13-18s): It almost never is.
BEAT (18-25s): It is one unfinished topic, somewhere behind.
BEAT (25-32s): Nobody can teach a gap they have not located.
BEAT (32-37s): Ask what happens in the first hour.
CTA (37-42s): Follow for the rest."
2026-10-22,Thu,19:30,reel,Curriculum Decoded,Public Speaking,soft,,'We build confidence' cannot be wrong. That is the problem.,"'We build confidence' cannot be wrong. That is the problem.

An answer that could never turn out to be false has not told you anything. 'Every student presents twice a term' can be checked. So can a rubric you are allowed to read.

Ask for the number, the frequency, or the document.

Send this to a parent who needs it tonight.

Mentorsy — live 1:1 mentors for Grades 1–12.

#1on1Learning #Mentorsy #CBSE #IBDP #ConfidentKids #DebateSkills #PublicSpeaking #ParentsOfTeens #StudySmart","HOOK (0-4s): 'We build confidence' cannot be wrong. That is the problem.
BEAT (4-10s): Nothing in that sentence can be verified.
BEAT (10-17s): 'Every student presents twice a term' can be.
BEAT (17-26s): So can the size of the debating society against the year group.
BEAT (26-35s): If an answer could not turn out to be false, it told you nothing.
BEAT (35-43s): Ask for the number, the frequency, or the document.
CTA (43-48s): Follow for the rest."
2026-10-23,Fri,08:00,carousel,Proof & Progress,Mathematics,mid,MATHS,"The 'book shut' rule, and why every session ends with it.","The 'book shut' rule, and why every session ends with it.

A child who can do a question with the example visible has not learned it. They have copied it. The difference only shows up in an exam hall.

MATHS in the comments gets you the Grade 9 Maths gap checklist. No email needed.

Mentorsy — one child, one mentor, one plan.

#OnlineTutoring #1on1Learning #IBDP #ICSE #Algebra #MathHelp #Geometry #IndianParents #StudySmart","Every session ends the same way. Book shut.
Three problems. No example visible. No notes.
WHY: a child who solves with the example open has copied, not learned.
Recognition and retrieval live in different places. Only one is examined.
It is uncomfortable, and the discomfort IS the learning.
If they can't do it book-shut, we haven't finished — so we don't move on.
This is the single habit that most separates tutoring that works from tutoring that feels nice.
Ask any tutor: what does the last five minutes look like?"
2026-10-23,Fri,19:30,reel,60-Second Lesson,English,soft,,"Semicolons, settled in fifteen seconds.","Semicolons, settled in fifteen seconds.

A semicolon joins two things that could each survive alone as a sentence.

'She revised for hours; the marks did not move.' Both halves stand up on their own. Semicolon is correct.
'She revised for hours; because she was worried.' The second half collapses. Semicolon is wrong — use a comma.

That's the entire rule. Everything else about semicolons is decoration.

Save this for exam week.

Mentorsy — tutoring that matches your child's actual syllabus.

#1on1Learning #Mentorsy #IBDP #IBMYP #ReadingSkills #Grammar #EnglishTutor #StudySmart #ParentsOfTeens","HOOK (0-4s): 'Semicolons. Fifteen seconds. Settled forever.'
RULE (4-13s): 'A semicolon joins two things that could each be a sentence on their own.'
RIGHT (13-26s): On screen: 'She revised for hours; the marks did not move.' 'Cover either half. Both stand up. Correct.'
WRONG (26-40s): 'She revised for hours; because she was worried.' 'Cover the first half. The second collapses. Wrong — use a comma.'
CLOSE (40-48s): 'That's the whole rule. Everything else is decoration.'"
2026-10-24,Sat,11:00,carousel,Report Card Reality,Science,mid,EXAM,Your child revised for eight hours and dropped four marks. Here's where they went.,"Your child revised for eight hours and dropped four marks. Here's where they went.

Lost marks sort into four types and each needs an opposite response. Sorting them takes twenty minutes and is worth more than the next eight hours.

Type EXAM below — the 3-week board exam revision plan goes straight to your DMs.

Mentorsy — tutoring that matches your child's actual syllabus.

#Mentorsy #OnlineTutoring #CBSE #IBMYP #Chemistry #Physics #ScienceTutor #StudySmart #SchoolLife","Eight hours of revision. Four marks lower.
Lost marks come in four types. Each needs an opposite fix.
DIDN'T KNOW IT → more revision. This is the only one extra hours fix.
KNEW IT, RAN OUT OF TIME → pacing. Fix with timed papers, not content.
KNEW IT, MISREAD THE QUESTION → command words. A vocabulary problem.
KNEW IT, ARITHMETIC SLIPPED → automaticity. Ten minutes a day, not more revision.
Three of the four get WORSE with more revision hours.
That's why the effort felt wasted. It was aimed at the wrong bucket."
2026-10-25,Sun,19:30,single,Meet the Mentor,General,soft,,You are allowed to sit in on a session. You probably shouldn't.,"You are allowed to sit in on a session. You probably shouldn't.

Parents ask this often and the honest answer is uncomfortable: your presence changes what your child is willing to be bad at.

Most children will not say 'I don't understand' in front of a parent. They will say it to a stranger who has no history with them, which is exactly why one-to-one works.

Sit in on the first one if it settles you. Then let them have the room.

Screenshot the last slide.

Mentorsy — one child, one mentor, one plan.

#1on1Learning #OnlineTutoring #IGCSE #CBSE #ParentingTips #StudyTips #HomeworkHelp #StudySmart #ParentsOfTeens",
2026-10-26,Mon,08:00,reel,60-Second Lesson,Coding,soft,CODE,"Teach a 10-year-old what a loop is, using a toothbrush.","Teach a 10-year-old what a loop is, using a toothbrush.

'Brush your teeth' is not one instruction. It's: move the brush, repeat 200 times, stop when the timer ends.

That's a loop. A thing you do, a number of times, until a condition is met.

Every child already runs dozens of loops a day. Coding just gives them the notation. Start there and 'programming' stops sounding like a foreign country.

Save this for exam week.

Mentorsy — live 1:1 mentors for Grades 1–12.

#1on1Learning #Mentorsy #CBSE #IBDP #CodingForKids #Python #Scratch #ParentsOfTeens #StudySmart","HOOK (0-4s): 'You can teach a ten-year-old what a loop is with a toothbrush.'
BODY (4-18s): Hold up toothbrush. 'Brush your teeth isn't one instruction. It's: move the brush. Repeat. Stop when the timer ends.'
NAME IT (18-30s): 'That's a loop. A thing you do, a number of times, until a condition is met. Write it on paper — they'll get it instantly.'
PAYOFF (30-40s): 'Kids already run dozens of loops a day. Coding just gives them the notation.'
CTA (40-46s): 'Comment CODE for the parent primer.'"
2026-10-26,Mon,19:30,carousel,Curriculum Decoded,Mathematics,soft,,The two topics everything else is built on.,"The two topics everything else is built on.

Two topics carry almost everything after them.

Fractions in Year 7. Negative numbers in Year 8. Ratio, algebra, trigonometry and calculus all sit on top of them, and neither gets formally revisited once the class has moved on.

So a shaky Year 7 becomes a difficult Year 11, and it looks like the student got worse. They did not. The foundation was always thin and the building got taller.

It is not ability. It is sequence, and sequence problems have solutions.

Screenshot the last slide.

Mentorsy — one child, one mentor, one plan.

#1on1Learning #OnlineTutoring #ICSE #IGCSE #MathsTutor #Geometry #MathHelp #SchoolLife #IndianParents","The two topics everything else is built on.
Fractions, around Year 7
Negative numbers, around Year 8
Ratio, algebra and trigonometry inherit both
Neither is ever formally revisited
Check these two before anything else."
2026-10-27,Tue,19:30,reel,Proof & Progress,French,mid,FRENCH,The revision that feels best works worst.,"The revision that feels best works worst.

Re-reading a vocabulary list is comfortable, so nothing is being strengthened. Covering it and writing it from memory feels worse and works.

Memory grows at the point of effortful recall.

Comment FRENCH and I'll send you the A1-A2 French vocabulary pack.

Mentorsy — tutoring that matches your child's actual syllabus.

#Mentorsy #1on1Learning #IBDP #IBMYP #FrenchForKids #DELF #LearnFrench #IndianParents #StudySmart","HOOK (0-4s): The revision that feels best works worst.
BEAT (4-11s): Re-reading the list is fluent and comfortable.
BEAT (11-18s): Nothing is hard, so nothing is strengthened.
BEAT (18-26s): Cover it. Write it from memory. That feels worse.
BEAT (26-33s): Memory grows at the point of effortful recall.
BEAT (33-38s): Not at the point of recognition.
CTA (38-43s): Follow for the rest."
2026-10-28,Wed,08:00,carousel,Curriculum Decoded,General,soft,,"Questions worth asking at a parent-teacher meeting, and three that waste it.","Questions worth asking at a parent-teacher meeting, and three that waste it.

You get about eight minutes. Most of it usually goes on questions the report already answered.

Screenshot the last slide.

Mentorsy — tutoring that matches your child's actual syllabus.

#1on1Learning #OnlineTutoring #IBMYP #ICSE #ParentingTips #HomeworkHelp #StudyTips #ParentsOfTeens #SchoolLife","Parent-teacher meeting. You get about eight minutes.
Most of it goes on questions the report already answered.
DON'T ASK: 'How is she doing?' You have the grades. You're asking them to read them aloud.
DON'T ASK: 'Is he behaving?' It's a yes/no you'd already know if it were no.
DON'T ASK: 'What can we do at home?' Too broad. You'll get 'keep reading'.
DO ASK: 'Which specific topic is she weakest on right now?'
DO ASK: 'When he's stuck, what does he do — ask, guess, or stop?'
DO ASK: 'If you had one more hour a week with him, what would you use it on?'
That last one gets you the honest answer. It always does."
2026-10-28,Wed,19:30,reel,60-Second Lesson,Mathematics,soft,,Why a negative times a negative is positive — without saying 'it's a rule'.,"Why a negative times a negative is positive — without saying 'it's a rule'.

Watch the pattern and let it finish itself.

3 × 2 = 6. 3 × 1 = 3. 3 × 0 = 0. 3 × (-1) = -3. Each step down the second number drops the answer by 3.

Now do it with -3. -3 × 2 = -6. -3 × 1 = -3. -3 × 0 = 0. Each step down raises the answer by 3. So -3 × (-1) must be +3.

Nothing was memorised. The pattern had no choice.

Screenshot the last slide.

Mentorsy — live 1:1 mentors for Grades 1–12.

#OnlineTutoring #1on1Learning #BoardExams2027 #IBMYP #Algebra #MathsTutor #Geometry #SchoolLife #StudySmart","HOOK (0-4s): 'Negative times negative is positive. Not because it's a rule. Watch.'
PATTERN 1 (4-18s): Write on board, calling it out: 3×2=6, 3×1=3, 3×0=0, 3×(-1)=-3. 'Every step down drops the answer by three.'
PATTERN 2 (18-34s): -3×2=-6, -3×1=-3, -3×0=0. 'Now every step down RAISES it by three. So the next one has to be...' Write +3.
PAYOFF (34-42s): 'Nothing memorised. The pattern had no choice.'
CTA (42-46s): 'Show this to a kid who says maths makes no sense.'"
2026-10-29,Thu,19:30,reel,Report Card Reality,Coding,mid,CODE,Getting stuck is the subject.,"Getting stuck is the subject.

Getting stuck is the subject, not an interruption to it.

Every professional developer spends most of the day with something not working. A child who thinks being stuck means being bad at it quits around week three.

Say it out loud early.

Want the parent's primer on coding? Comment CODE and it's yours.

Mentorsy — live 1:1 mentors for Grades 1–12.

#OnlineTutoring #Mentorsy #BoardExams2027 #IGCSE #Python #Scratch #CodingForKids #SchoolLife #ParentsOfTeens","HOOK (0-4s): Getting stuck is the subject.
BEAT (4-13s): Every developer spends most of the day with something broken.
BEAT (13-19s): That is not failing. That is the job.
BEAT (19-28s): A child who thinks stuck means bad will quit in week three.
BEAT (28-33s): Say it out loud early.
BEAT (33-38s): This is meant to be hard.
CTA (38-43s): Follow for the rest."
2026-10-30,Fri,08:00,carousel,Curriculum Decoded,French,soft,FRENCH,What DELF A2 actually asks a 14-year-old to do.,"What DELF A2 actually asks a 14-year-old to do.

Parents hear 'French exam' and picture vocabulary lists. The exam is four skills, and the one that sinks students is the one nobody practises.

Screenshot the last slide.

Mentorsy — live 1:1 mentors for Grades 1–12.

#OnlineTutoring #Mentorsy #BoardExams2027 #IGCSE #FrenchForKids #DELF #LearnFrench #StudySmart #ParentsOfTeens","What DELF A2 actually asks a 14-year-old to do.
Four papers. Equal weight. Most people prepare for one.
LISTENING — short everyday recordings, played twice, real speed.
READING — signs, emails, short articles. Skimming, not translating.
WRITING — two short texts. A message, and a simple account of an event.
SPEAKING — guided conversation, then a role-play with an examiner.
The one that sinks students: SPEAKING. Because nobody practises it out loud.
Vocabulary lists don't pass DELF. Twenty minutes of talking a week does.
Comment FRENCH for the A1-A2 vocabulary pack."
2026-10-30,Fri,19:30,reel,60-Second Lesson,Mathematics,soft,,"Squaring any number ending in 5, in two seconds.","Squaring any number ending in 5, in two seconds.

Take the digits before the 5. Multiply by the next number up. Stick 25 on the end.

35² → 3 × 4 = 12 → 1225.
65² → 6 × 7 = 42 → 4225.
95² → 9 × 10 = 90 → 9025.
125² → 12 × 13 = 156 → 15625.

It works for every single one, and the algebra behind it is one line of expansion — which makes it a nice bridge into why identities are useful at all.

Screenshot the last slide.

Mentorsy — live 1:1 mentors for Grades 1–12.

#OnlineTutoring #1on1Learning #CBSE #IBDP #Geometry #Algebra #MathHelp #ParentsOfTeens #StudySmart","HOOK (0-3s): '65 squared. Two seconds. Go.'
RULE (3-12s): 'Digits before the five. Times the next number up. Then stick 25 on the end.'
DEMO (12-30s): '6 times 7 is 42. So 4225.' Then: 35² → 3×4=12 → 1225. 95² → 9×10=90 → 9025.
BIG ONE (30-40s): '125 squared? 12 times 13 is 156. 15,625.'
CTA (40-46s): 'Save it. Teach it. Watch a kid decide maths is a magic trick.'"
2026-10-31,Sat,11:00,carousel,Curriculum Decoded,Science,soft,,Why practicals matter more than the mark suggests.,"Why practicals matter more than the mark suggests.

Practicals carry more weight than their share of the marks suggests.

Method questions appear across every paper, and they are answered well by students who have actually stood over an experiment that did not work. You can revise a method. You cannot revise the instinct for what usually goes wrong.

There is a second reason. Ten years later, the mole calculations are gone and the afternoon the reaction turned an unexpected colour is still there.

A subject people remember is a subject people carry on with.

Screenshot the last slide.

Mentorsy — live 1:1 mentors for Grades 1–12.

#OnlineTutoring #1on1Learning #CBSE #IBMYP #Biology #Chemistry #Physics #SchoolLife #StudySmart","Why practicals matter more than the mark suggests.
They are where the theory becomes falsifiable
Method questions carry marks in every paper
'What went wrong' is examinable, and teachable
It is the only part students remember in ten years
Ask what they did in the lab this term."
2026-11-01,Sun,19:30,single,Meet the Mentor,General,mid,BOARDS,"We turn away more tutors than we accept, and it's usually for the same reason.","We turn away more tutors than we accept, and it's usually for the same reason.

They answer the question.

A child asks 'how do I do number 7' and a good tutor says 'show me what you tried'. A weak one solves number 7, the child writes it down, and neither of them learns anything about number 8.

Answering feels like teaching. It's the opposite of it. That's the single biggest filter in our process.

Comment BOARDS and I'll send you the CBSE vs ICSE vs IGCSE one-pager.

Mentorsy — tutoring that matches your child's actual syllabus.

#Mentorsy #1on1Learning #IBMYP #IGCSE #StudyTips #ParentingTips #HomeworkHelp #ParentsOfTeens #StudySmart",
